prefix,n_spins,JZ,h,meanEnergy,stdEnergy,meanEnergyVariance,stdEnergyVariance
ising,4,1,2.0,-8.000143914090936,7.115870961551385e-05,5.12889863392709e-06,1.1822570633612272e-06
ising,4,1,2.0,-8.000019357644213,6.913863498543725e-05,3.4172559064897653e-06,8.283181968585758e-07
ising,4,1,3.0,-12.000025334491065,2.121820251590979e-05,3.910515001738948e-07,2.2834075907196052e-08
ising,4,1,4.0,-16.000047771642798,3.935830711199915e-05,1.9575496694019484e-06,9.533060457399693e-08
ising,4,1,5.0,-20.000090117538303,4.457073504006682e-05,1.6610331098778772e-06,7.5655441542601e-08
ising,4,1,6.0,-24.000045932850586,6.83400882959419e-05,2.714445982978157e-06,1.2938127891874788e-07
ising,4,1,7.0,-28.000009463359447,6.118676730678578e-05,2.8530442994097165e-06,1.5216271836584348e-07
ising,4,1,8.0,-32.00020218876144,6.817605158469568e-05,3.2075261380025766e-06,1.5091634310044188e-07
ising,4,1,9.0,-36.0001519997706,7.039323681213399e-05,4.220730062951043e-06,2.2713311110479002e-07
ising,4,1,10.0,-40.00018532357814,7.852915718051297e-05,4.746574328986256e-06,2.416948651397287e-07
ising,4,1,11.0,-44.000276852351824,6.98796595352775e-05,5.708455817967759e-06,2.2149484038848763e-07
ising,4,1,12.0,-48.00042791301182,7.453274453570784e-05,5.09166785118828e-06,2.0529900820166334e-07
ising,4,1,13.0,-52.000396487068244,8.498481875308432e-05,6.566758613448107e-06,2.074310046166946e-07
ising,4,1,14.0,-56.00042796741231,9.146915255134996e-05,6.768826516339448e-06,2.1143025739398857e-07
ising,4,1,15.0,-60.000306386952865,7.351500079416675e-05,8.852586024556744e-06,3.7614260954776156e-07
ising,4,1,16.0,-64.00038288095979,7.955866456699909e-05,8.743599609306784e-06,2.949222142731875e-07
ising,4,1,17.0,-68.00024526420653,8.830896213608845e-05,9.653760815684593e-06,2.6058348303112285e-07
ising,4,1,18.0,-72.00023085541989,9.089887767875627e-05,9.598308357257414e-06,3.9185934184523073e-07
ising,4,1,19.0,-76.00027514276205,9.312595923596154e-05,1.2982268080724425e-05,5.694040315238697e-07
ising,4,1,20.0,-79.9993706612133,9.71592678001184e-05,1.1073569447163882e-05,3.8170021321368525e-07
ising,4,1,21.0,-84.0001182043478,8.176251177695833e-05,1.648760809056584e-05,1.2645590381702358e-06
ising,4,1,22.0,-88.00000079169979,8.251648553856216e-05,1.4764480364978771e-05,8.150577915967605e-07
ising,4,1,23.0,-92.00017149025378,9.304534675911845e-05,1.5119243306386915e-05,7.540425504773137e-07
ising,4,1,24.0,-96.00006026224054,9.429764681977224e-05,1.6586172051891543e-05,7.190112073749062e-07
ising,4,1,25.0,-100.00038567363882,0.00010031543710372293,1.6908790299493675e-05,9.259303698085226e-07
ising,4,1,26.0,-104.0001731108802,0.00010077080239590319,1.851583979664587e-05,7.750619038498084e-07
ising,4,1,27.0,-107.99965150794412,0.00011131730401854404,1.8487767455097212e-05,7.639843015841006e-07
ising,4,1,28.0,-111.9998634459359,0.00011061768705523724,2.0492156364157428e-05,1.058846781203596e-06
ising,4,1,29.0,-115.99981689067221,0.0001050650235193014,2.077754469385833e-05,1.149152804781027e-06
ising,4,1,30.0,-120.00015717803686,0.00010384918118483205,2.6756184690722893e-05,1.3322149911481988e-06
ising,4,1,31.0,-123.999962071481,0.00011093726221496235,3.021227750322561e-05,1.735163734180616e-06
ising,4,1,32.0,-127.99961076799404,0.00011438093863922556,2.569596261310403e-05,1.358279912352587e-06
ising,4,1,33.0,-132.00014631081186,0.00011103589163550359,2.872851807383269e-05,1.5250082650290732e-06
ising,4,1,34.0,-135.99979803053412,0.00010800930407469248,3.3264996178571306e-05,2.1796162925251944e-06
ising,4,1,35.0,-140.00006643600594,0.00011139075684299304,3.481515290696151e-05,2.028597533361449e-06
ising,4,1,36.0,-143.9987116158463,0.00011400362940679078,3.052100451061462e-05,1.599099788029104e-06
ising,4,1,37.0,-147.9881874652423,0.00017090920075141464,4.48496960001668e-05,3.3602505866672912e-06
ising,4,1,38.0,-151.99927111497905,0.00011599493289910764,3.61620170783005e-05,1.8345692682754685e-06
ising,4,1,39.0,-155.99906442797797,0.00012084760233041672,4.520983012337166e-05,3.4063996565898794e-06
ising,4,1,40.0,-159.99952218567688,0.00012045746551734936,4.449151882093985e-05,2.5104002548780674e-06
ising,4,1,41.0,-163.99740765427032,0.00014175566997126578,4.549789350415027e-05,3.0168895407901073e-06
ising,4,1,42.0,-167.99907921013573,0.00012106101282871853,4.8702871648962395e-05,3.4075842189860606e-06
ising,4,1,43.0,-171.993683769671,0.00016391667053596167,5.3939779592071806e-05,3.821301007234916e-06
ising,4,1,44.0,-175.99836537428348,0.00013523868836489274,5.587330354502341e-05,2.4682699647183268e-06
ising,4,1,45.0,-179.9962310221004,0.00014855951452271289,5.1550768293216007e-05,2.5346343118601157e-06
ising,4,1,46.0,-183.99889369120316,0.0001399348941400451,5.862474821701311e-05,3.0955742011502543e-06
ising,4,1,47.0,-187.99752172396973,0.0001472815615808644,6.643014102253147e-05,2.9892448357331407e-06
ising,4,1,48.0,-191.99213875795058,0.00019731503460601168,7.060577130221923e-05,4.362215959922344e-06
ising,4,1,49.0,-195.98829590739803,0.0002109336117301704,7.648893891296298e-05,3.657557793941105e-06
ising,4,1,0.001,-0.001829550285954945,4.356060388926552e-05,1.0817758314401103e-06,7.078524867733046e-08
ising,4,1,0.021387755102040815,-0.035620168759441226,0.0017605100234362227,0.0015357710922838865,0.0010849671634432932
ising,4,1,0.041775510204081635,-0.07899260292589824,0.001957698171764724,0.0020595168159592576,0.00012620168006698183
ising,4,1,0.06216326530612245,-0.11012547447579736,0.0023069105947020963,0.002784756422979005,0.00020108686407802048
ising,4,1,0.08255102040816327,-0.17918721220653425,0.00347260500078816,0.007488007477648881,0.00047666849164958945
ising,4,1,0.10293877551020407,-0.22289685391409306,0.004110704695166757,0.011216316478468191,0.0006702201370941255
ising,4,1,0.12332653061224493,-0.2852899723964524,0.004641380784547072,0.01327608381789863,0.0008505775364703489
ising,4,1,0.1437142857142857,-0.384066046831827,0.005980254366890879,0.022326884733797944,0.001185044426059465
ising,4,1,0.16410204081632654,-0.4931071321832595,0.005839110014356514,0.019336148152801817,0.001050782030317344
ising,4,1,0.18448979591836734,-0.5360001327654689,0.006578285327392336,0.024469606435262782,0.0014875545575079945
ising,4,1,0.20487755102040814,-0.6042885094730148,0.0070055747631605925,0.025100098564522826,0.001561036129745102
ising,4,1,0.22526530612244897,-0.6835043819122681,0.007359963803781903,0.02832275267900218,0.0017915135739180492
ising,4,1,0.24565306122448985,-0.7693964290228372,0.005091616936063275,0.017482892749063415,0.0013608461457279976
ising,4,1,0.26604081632653065,-0.8716031605563497,0.005130066157092554,0.015200727163818881,0.0011999742661571635
ising,4,1,0.2864285714285714,-0.9507920865423708,0.005265039339808461,0.01812010681891037,0.0012592828141180655
ising,4,1,0.30681632653061225,-1.0724288771829442,0.004326608394557103,0.01305198039537427,0.000913681095500626
ising,4,1,0.3272040816326531,-1.2063609443000671,0.003998331730259127,0.00959181646900018,0.000580473429964851
ising,4,1,0.3475918367346939,-1.2806016718421454,0.0037538821305002842,0.00865882578686414,0.0006467305329416053
ising,4,1,0.3679795918367347,-1.3741325797938582,0.003152510811560928,0.005875625336432261,0.0004159750681826284
ising,4,1,0.3883673469387755,-1.4514927092102696,0.003184177713979869,0.0059666056407244395,0.0004746984031808188
ising,4,1,0.4087551020408163,-1.5434661645377803,0.00289531560751264,0.004177779753497287,0.0003888848736321389
ising,4,1,0.4291428571428572,-1.645193151172661,0.002157550959587099,0.0029858997388977648,0.00024188507712344585
ising,4,1,0.44953061224489793,-1.7422812692576235,0.0019078057075500906,0.0020153982444700413,0.00017210737260938184
ising,4,1,0.4699183673469388,-1.836800807476984,0.0017453484531772922,0.0017177301325042873,0.00013650615854862052
ising,4,1,0.4903061224489797,-1.9159488317768976,0.0014213016159424431,0.0012813782305284179,9.813163422642512e-05
ising,4,1,0.5106938775510205,-2.004296048882707,0.0011416016040565892,0.0007344738868622607,6.600984580224325e-05
ising,4,1,0.5310816326530613,-2.0875890003910533,0.0010537039101720174,0.0007173715840914928,5.6662944779693905e-05
ising,4,1,0.551469387755102,-2.1737260696916723,0.000944439748476958,0.0005179034203500215,4.241559160549874e-05
ising,4,1,0.5718571428571428,-2.2659356021311905,0.0007305195500436342,0.0003113497816476025,2.5433046419830567e-05
ising,4,1,0.5922448979591837,-2.3495204176335776,0.0006578896327058271,0.0002609800425073272,1.9651432641931973e-05
ising,4,1,0.6126326530612245,-2.4384305684760688,0.0004901931259752226,0.000152514360806409,1.210544778137673e-05
ising,4,1,0.6330204081632653,-2.520773255519023,0.0003644694590075767,9.464801262490068e-05,7.65828626206492e-06
ising,4,1,0.6534081632653062,-2.602866563441813,0.00035517980432063387,8.032792246893441e-05,5.855091475160538e-06
ising,4,1,0.673795918367347,-2.6851804244619246,0.00032732027367673164,6.509950224001773e-05,4.786540876912551e-06
ising,4,1,0.6941836734693878,-2.7705200354935813,0.00023226582847687207,3.585040432233594e-05,2.4958296074067798e-06
ising,4,1,0.7145714285714286,-2.8520480677297235,0.00022412617020607016,3.4869216585977066e-05,2.3293097011511016e-06
ising,4,1,0.7349591836734695,-2.936408906270418,0.0001706155441737007,2.4496326977359035e-05,1.4784847672973128e-06
ising,4,1,0.7553469387755103,-3.0172148507646965,0.0001321398785688353,1.1149619875667968e-05,7.211668700253449e-07
ising,4,1,0.775734693877551,-3.097688374796648,0.00015960349844009556,1.775472791792224e-05,1.12531534311213e-06
ising,4,1,0.7961224489795918,-3.1830503361630105,7.703729048970513e-05,5.4489616159729554e-06,3.487591568370665e-07
ising,4,1,0.8165102040816327,-3.2720153491887647,0.0008247993522813072,0.0003491615595391528,1.2669150231861145e-05
ising,4,1,0.8368979591836735,-3.3450585524184935,0.00010169442125081031,8.336751021044131e-06,3.9586942070911907e-07
ising,4,1,0.8572857142857143,-3.432150711722107,0.0012522374935526517,0.0009375839343589488,0.0008316883775645928
ising,4,1,0.8776734693877551,-3.5098504156552317,6.620964901682053e-05,3.6018381731667662e-06,2.3170006414034773e-07
ising,4,1,0.8980612244897959,-3.591041029946655,5.2784616492331924e-05,4.8590770653012014e-06,2.5224131138000924e-07
ising,4,1,0.9184489795918368,-3.673475244878991,5.938091530299894e-05,2.905656887947592e-06,1.9040462764723226e-07
ising,4,1,0.9388367346938776,-3.7573100993361024,0.00010504087977323149,8.353341228819251e-06,4.093175151947033e-07
ising,4,1,0.9592244897959183,-3.8396332690355934,0.00015377834064467957,1.6389575357963518e-05,5.922602415075901e-07
ising,4,1,0.9796122448979592,-3.9182419574035094,7.738733335962878e-05,3.394209098099565e-05,3.274935715713436e-05
ising,4,1,1.0,-3.9998507006915514,5.3777703961915504e-05,2.9394344159310397e-06,1.9044608727732815e-07
ising,6,1,2.0,-12.022100567049431,0.009305986203250316,0.05556674176090555,0.028453644369211294
ising,6,1,3.0,-17.99934648492901,0.00384172463276702,0.021598553828847147,0.006563716835041525
ising,6,1,4.0,-24.02106710130237,0.0037167967142089095,0.008090464992477673,0.002834730733910568
ising,6,1,5.0,-30.06103472496709,0.004441078077850181,0.013423839826486155,0.0010201066867217131
ising,6,1,6.0,-35.92032718412054,0.0036887805926253494,0.007939405984615067,0.0005111099199536887
ising,6,1,7.0,-41.92266851133133,0.0037487966145745657,0.009218162411644023,0.0004636982547201887
ising,6,1,8.0,-47.86584052845767,0.003295883005949932,0.008440341152772911,0.00047335788514655
ising,6,1,9.0,-53.679940980409015,0.004023435279454014,0.010805823522444859,0.0006856193250389043
ising,6,1,10.0,-59.514853226223714,0.004265775448070754,0.011885778508810306,0.0006776415161879343
ising,6,1,11.0,-65.66566061180636,0.004582495018898148,0.012014980236032695,0.0008635317820457478
ising,6,1,12.0,-71.63925421944519,0.0055110736232281635,0.015211531164084253,0.0012568023407632449
ising,6,1,13.0,-77.56476236615794,0.004326647363853492,0.01320198986066528,0.0009938612445610047
ising,6,1,14.0,-83.65470090131566,0.0049267599961859655,0.016308889220841644,0.0011000977625780554
ising,6,1,15.0,-89.67622858073099,0.005055126808957236,0.015589734842660788,0.0010874760075198873
ising,6,1,16.0,-95.7601098108959,0.005409787487819705,0.016664919317169482,0.0016266739255090818
ising,6,1,17.0,-101.70039248613277,0.004672881471942397,0.01579148929033987,0.0011988131794093827
ising,6,1,18.0,-107.59724604779085,0.004796610604461176,0.014221651142665766,0.0009195947542471916
ising,6,1,19.0,-113.73368062175983,0.0043860892453568365,0.01217877670422148,0.0009045789662189238
ising,6,1,20.0,-119.65659031880008,0.004816144951296117,0.01265559484571614,0.0008026972218177465
ising,6,1,21.0,-125.8301594808778,0.004311881651590079,0.010646583783182229,0.0006888879086502769
ising,6,1,22.0,-131.75037267742962,0.004650789100265404,0.012485634375767845,0.0007783817287040773
ising,6,1,23.0,-137.81823468296966,0.004700523310116296,0.01220651120979858,0.0008957754695459469
ising,6,1,24.0,-143.75928872130683,0.004977105737207221,0.013148558598068669,0.0007550934221414219
ising,6,1,25.0,-149.75955969588057,0.00442545790370184,0.011263410701910854,0.0007283918984810878
ising,6,1,26.0,-155.77219471327655,0.004706934447951759,0.012098054876724816,0.0007374482514028258
ising,6,1,27.0,-161.77693452826253,0.00426716896954158,0.01035782317675803,0.0005827835235503039
ising,6,1,28.0,-167.83562601022288,0.0048066622216466435,0.012291456526079709,0.00076761285773927
ising,6,1,29.0,-173.80262032173738,0.004057892837298955,0.009885772565538086,0.0007164889814724162
ising,6,1,30.0,-179.8297696938287,0.004611611912498943,0.012039040433447824,0.0006676270844641717
ising,6,1,31.0,-185.86119331665827,0.0038998294442784045,0.008766456549843659,0.0006423560066482582
ising,6,1,32.0,-191.8441396516186,0.00417859610018914,0.010824111664581448,0.0005943614949084883
ising,6,1,33.0,-197.86826880505527,0.003810015539371733,0.008809850743914728,0.0006153016301546607
ising,6,1,34.0,-203.8596730361852,0.0037661235391018046,0.009161395583842212,0.0005457747808580123
ising,6,1,35.0,-209.81437244884137,0.0033561657331689907,0.007279089851725773,0.0005271014347549807
ising,6,1,36.0,-215.8602512146949,0.004120460169538136,0.00910930610977561,0.0005522484747183052
ising,6,1,37.0,-221.82903050155304,0.0035798300137710767,0.007458793057366517,0.0005222226531674262
ising,6,1,38.0,-227.87115264527716,0.003778173787949071,0.0081343351343983,0.00046671603925335447
ising,6,1,39.0,-233.8781276412991,0.003454805178039728,0.007546941227748302,0.0005129461363286621
ising,6,1,40.0,-239.855046884702,0.003906207882859653,0.008474837103531332,0.0005486590711004069
ising,6,1,41.0,-245.87975862475525,0.0036683431804056,0.007764301150026303,0.00046320549391106933
ising,6,1,42.0,-251.88688677070843,0.003823864130454664,0.00801047967790417,0.0004599386906290394
ising,6,1,43.0,-257.8766872071561,0.0034996117482300085,0.0070850835311071815,0.00044669799901207784
ising,6,1,44.0,-263.865614419273,0.003619905641729849,0.008106869310133621,0.0005175415376875919
ising,6,1,45.0,-269.8656631077471,0.003577315786930661,0.0069369644935192475,0.0004232656967027778
ising,6,1,46.0,-275.8970041377478,0.0036178750296053984,0.007772800162247322,0.0004181064662288882
ising,6,1,47.0,-281.8685917703449,0.0035796087441377603,0.0075733706996538655,0.00045405548383337785
ising,6,1,48.0,-287.88654021264176,0.003185872366737434,0.006520991139102345,0.00042493149769428967
ising,6,1,49.0,-293.87381697612517,0.0034997203739345712,0.006636856697685632,0.00043063600779210477
ising,6,1,0.001,-7.985692056247688,0.011212963296598887,0.06424694903717189,0.04449047865329008
ising,6,1,0.021387755102040815,-8.038922003123512,0.0004152016231568925,0.00011923449938970745,1.1225464531629204e-05
ising,6,1,0.041775510204081635,-8.059455681924284,0.01134027301825922,0.06417327182734428,0.04485943086149553
ising,6,1,0.06216326530612245,-8.0960299071991,0.015842170836932734,0.12527817537957955,0.1240378177577538
ising,6,1,0.08255102040816327,-8.156867651466522,0.0012060667342076153,0.0009549572118183352,0.00013077425395088935
ising,6,1,0.10293877551020407,-8.186494383659152,0.0021754253260742786,0.002503355110487384,0.00024134794887802617
ising,6,1,0.12332653061224493,-8.226669746586147,0.008225655483132373,0.033691042639266845,0.031465848139780934
ising,6,1,0.1437142857142857,-8.279549618097759,0.0017482730435499298,0.001753290837405718,0.00037368268336060315
ising,6,1,0.16410204081632654,-8.311831854960612,0.0025362082568354204,0.0032428240723675447,0.0004594048390508291
ising,6,1,0.18448979591836734,-8.355784300530361,0.002196847389279327,0.0027213096883861978,0.0004261755956945499
ising,6,1,0.20487755102040814,-8.384737167821974,0.0028269845958711773,0.004318621061804084,0.0004208435019922318
ising,6,1,0.22526530612244897,-8.436335496238318,0.0023657031071049692,0.003266378586330752,0.0005116902614722078
ising,6,1,0.24565306122448985,-8.466355783550712,0.008525443076859658,0.03702074196548072,0.031169217533921864
ising,6,1,0.26604081632653065,-8.504882883787783,0.00832272932701124,0.03564528016184522,0.031437753744208805
ising,6,1,0.2864285714285714,-8.556765104779572,0.002739436224167629,0.004039429453476942,0.0006452599564348412
ising,6,1,0.30681632653061225,-8.5973219056432,0.002995621523947257,0.005289637128722647,0.0010129124643873725
ising,6,1,0.3272040816326531,-8.635538356167897,0.0037282233262698173,0.00815908662133558,0.0016243129180587368
ising,6,1,0.3475918367346939,-8.678097526476916,0.003057403508530033,0.005095789625710221,0.0008980082873519461
ising,6,1,0.3679795918367347,-8.711932753592155,0.011401116084724851,0.0644710058362559,0.04372999023002022
ising,6,1,0.3883673469387755,-8.763945049076671,0.003149366662154941,0.005335095517149558,0.0012880592695577735
ising,6,1,0.4087551020408163,-8.799007172512631,0.008179887285910079,0.033304663278547635,0.031016692989883306
ising,6,1,0.4291428571428572,-8.83415610332257,0.008229925016007195,0.03379465543946255,0.031525455313754606
ising,6,1,0.44953061224489793,-8.891334155028801,0.00148729329773057,0.0011954064730746992,0.0002413563593011796
ising,6,1,0.4699183673469388,-8.929662576942881,0.002251435780489145,0.0029383219891985194,0.0006691362243058563
ising,6,1,0.4903061224489797,-8.964942126435226,0.0027250920939873176,0.003922106436173096,0.0006538080343396718
ising,6,1,0.5106938775510205,-9.010309032717906,0.0021525519296045404,0.002586341056038177,0.00048469661209607306
ising,6,1,0.5310816326530613,-9.058152506665907,0.001496839699595658,0.0011655836245912036,0.0004250872198625428
ising,6,1,0.551469387755102,-9.084065200253603,0.004937090890899657,0.01606591662350466,0.004410810542336374
ising,6,1,0.5718571428571428,-9.129383150131392,0.004117245419434923,0.009259406666583076,0.0026091113150693897
ising,6,1,0.5922448979591837,-9.17990451095001,0.0009399526008084431,0.0005579184154701315,0.00011512411222032165
ising,6,1,0.6126326530612245,-9.214957053777834,0.0012942885169247233,0.0009446187143578537,0.00010619650697635753
ising,6,1,0.6330204081632653,-9.25753639813549,0.0014880969236613338,0.0012748206114372425,0.00023207090239785917
ising,6,1,0.6534081632653062,-9.300531426101113,0.0013411014619213592,0.0010343260182299704,0.00027032711270458997
ising,6,1,0.673795918367347,-9.335830667069462,0.007777650929102879,0.03010216957184999,0.02960034750673078
ising,6,1,0.6941836734693878,-9.384689822454751,0.000664755291053358,0.0003043052009156766,6.048095633628545e-05
ising,6,1,0.7145714285714286,-9.425073391597582,0.0007248867798458205,0.0003272348708015361,7.182330436874404e-05
ising,6,1,0.7349591836734695,-9.469376536739043,0.00046795200459924627,0.0006084782636076099,0.00014276077684106066
ising,6,1,0.7553469387755103,-9.499979612329575,0.00799876372849835,0.03196493789166792,0.03163279289322349
ising,6,1,0.775734693877551,-9.545772834468373,0.0012238189209717015,0.0008084975965208702,0.00019685149407213304
ising,6,1,0.7961224489795918,-9.587965788414387,0.0008869447431197618,0.0004791344127844885,9.438249689562708e-05
ising,6,1,0.8165102040816327,-9.620479683784424,0.012565308635368288,0.07820933460469003,0.07775530771813025
ising,6,1,0.8368979591836735,-9.660182394639381,0.007709174142245155,0.029791164597259064,0.02839845309531716
ising,6,1,0.8572857142857143,-9.695670442899194,0.01072633744517392,0.05700368707288436,0.039802253676568436
ising,6,1,0.8776734693877551,-9.752364808962568,0.000889154790390718,0.0007180671287801254,0.00028026864007799237
ising,6,1,0.8980612244897959,-9.791526018295164,0.0014027635919033135,0.0011369776781831665,0.0003323299842806281
ising,6,1,0.9184489795918368,-9.834258302449964,0.0007609491898816543,0.00038976742230733397,0.00011165799044836668
ising,6,1,0.9388367346938776,-9.878600725466134,0.0005495362362107965,0.00035235071971424005,0.0002469249794691933
ising,6,1,0.9592244897959183,-9.911827623480763,0.0014954887376310373,0.0011475464796263106,0.00041816390765070697
ising,6,1,0.9796122448979592,-9.958913866959428,0.00021013342798157733,2.9492510223867467e-05,1.1434102013141032e-05
ising,6,1,1.0,-9.997634413310868,0.0008917613018453862,0.00045480845176978934,0.00018021656223666255
ising,8,1,2.0,-19.959472433451406,0.028952698684933244,0.4396819363329962,0.3044779846727175
ising,8,1,3.0,-22.06880051073396,0.01197801279261175,0.10241518227565408,0.07293408415139405
ising,8,1,4.0,-29.000422838510904,0.02459518338253261,0.5073820535255875,0.07510333836775948
ising,8,1,5.0,-39.21252330012335,0.01483427221277239,0.15881710788475406,0.02022620723780672
ising,8,1,6.0,-46.96029368133542,0.010661764458943072,0.07552333091822733,0.005244476950538743
ising,8,1,7.0,-55.38404380947147,0.01038626232286902,0.07653822197548323,0.006693505420126753
ising,8,1,8.0,-63.137565738124714,0.00841943854624392,0.042462908268619454,0.003147273072196123
ising,8,1,9.0,-71.115760522008,0.007621971615795486,0.03830038142075602,0.0022085583316609914
ising,8,1,10.0,-79.44557403862595,0.008103178517158189,0.04512826665830099,0.0031372312161725897
ising,8,1,11.0,-87.2776576488775,0.006864728541580265,0.03106307801734545,0.0019029096947765954
ising,8,1,12.0,-95.34397332941867,0.006911464907315369,0.033972037892856966,0.002082426102614112
ising,8,1,13.0,-103.36853198080988,0.006841175939737317,0.03298200927899427,0.00218286262299054
ising,8,1,14.0,-111.40778574693618,0.007222418558014959,0.03034932464039915,0.0017629153791200547
ising,8,1,15.0,-119.4071654501406,0.0062360876463432285,0.025645281052340083,0.0014666909208941078
ising,8,1,16.0,-127.45731171682631,0.006524127824442801,0.025496190590754173,0.0015186817837024712
ising,8,1,17.0,-135.52481365236,0.006651942455317344,0.02622131748350426,0.0017319392177782725
ising,8,1,18.0,-143.53899103516918,0.006464780251479775,0.026031710336207096,0.00161324331568318
ising,8,1,19.0,-151.46609773670738,0.006440322698317865,0.02655615996763316,0.001553549581077672
ising,8,1,20.0,-159.572436501735,0.006316283344698102,0.02502041656619536,0.001691463285905016
ising,8,1,21.0,-167.4933693240741,0.006159300562049527,0.02321009825285996,0.0013732818724985732
ising,8,1,22.0,-175.58297347407762,0.005873204251081786,0.02023938520604955,0.0012464603848656502
ising,8,1,23.0,-183.50820920963193,0.006332369534095608,0.022428678630114298,0.001347355626304122
ising,8,1,24.0,-191.68037754128025,0.006589433734256438,0.02440606449088885,0.0015713487758139907
ising,8,1,25.0,-199.6657416782227,0.005965093068916396,0.022582295113821774,0.001427096013891558
ising,8,1,26.0,-207.58787069325024,0.005932048037627849,0.01942685750467521,0.0011273364773523645
ising,8,1,27.0,-215.6555250986372,0.005574048021501395,0.018629848208850896,0.0011436945702591294
ising,8,1,28.0,-223.6649388058361,0.005954253516795692,0.019740784594169357,0.0011699224155060162
ising,8,1,29.0,-231.68057598616483,0.0054890507321118534,0.017734964061719975,0.0010654157937381253
ising,8,1,30.0,-239.6489469315253,0.005475836666986404,0.017841205943188353,0.0010752368817446927
ising,8,1,31.0,-247.73706750005454,0.005157851836387654,0.016694852684076833,0.0010505287205577504
ising,8,1,32.0,-255.7103389358549,0.005075817612764902,0.014931576087462472,0.0009236501181193523
ising,8,1,33.0,-263.70438811862687,0.004913904784145642,0.014897638769655996,0.0008281631822300697
ising,8,1,34.0,-271.7140594530149,0.004996906037570696,0.014360384465687787,0.0007989042032903626
ising,8,1,35.0,-279.7609883946209,0.005024687184070369,0.015447369582110276,0.0009123368512335123
ising,8,1,36.0,-287.78830625474535,0.0043741794719197565,0.012215396030262074,0.0007767061712624754
ising,8,1,37.0,-295.7548320405998,0.0043245548850026905,0.013738072925765378,0.0008538259285058258
ising,8,1,38.0,-303.76243367153126,0.004715427732741461,0.013014951954556821,0.0007601862942629062
ising,8,1,39.0,-311.793719366172,0.004482899926093044,0.012119974170886469,0.0006969167758838916
ising,8,1,40.0,-319.8161166360582,0.004758121823978789,0.013681428977915673,0.0007235942692850698
ising,8,1,41.0,-327.7429889262025,0.00469535659787425,0.012404229980630729,0.0006850170444931762
ising,8,1,42.0,-335.78098648728366,0.00439408966560442,0.011608435626030963,0.0006045329235049822
ising,8,1,43.0,-343.82799071592314,0.004076967723929096,0.009740244320258344,0.0006406978710259045
ising,8,1,44.0,-351.81053173948686,0.003580584725785176,0.008862288952374411,0.0004694819237886733
ising,8,1,45.0,-359.81431948293465,0.003951837251022329,0.011133237464128507,0.0006287315195943243
ising,8,1,46.0,-367.81353951689454,0.004020702497365689,0.010259223868645298,0.0005927756878678857
ising,8,1,47.0,-375.83348581469903,0.003865228453522004,0.01041249469721653,0.0005970066698831072
ising,8,1,48.0,-383.8143473900826,0.003606005035186918,0.009415676702801945,0.0004949132354076118
ising,8,1,49.0,-391.7928370763727,0.004038969126262275,0.0104939044406071,0.0005733150286107547
ising,8,1,0.001,-16.001992072717744,5.382204744852948e-06,3.424706943771762e-08,3.3431433680187358e-09
ising,8,1,0.021387755102040815,-16.042283200501448,7.605849737735379e-05,4.530091777798293e-06,8.362665024325362e-07
ising,8,1,0.041775510204081635,-16.082453214519482,0.0002919433760537423,5.91894367781706e-05,1.534797391592501e-05
ising,8,1,0.06216326530612245,-16.11956434991119,0.0005351111080781557,0.0002419336088181868,2.511964820980995e-05
ising,8,1,0.08255102040816327,-16.163343291604733,0.00044612238235150985,0.00013733502488312744,3.710623009418852e-05
ising,8,1,0.10293877551020407,-16.199351742285184,0.00047910451705877156,0.00030530508019397463,1.9968699730623933e-05
ising,8,1,0.12332653061224493,-16.231211527675093,0.015631794716774932,0.12096435512626053,0.12072368728734108
ising,8,1,0.1437142857142857,-16.261490241477205,0.0216455146808968,0.2399119685783544,0.16564794400619898
ising,8,1,0.16410204081632654,-16.32207907278735,0.0009205883334554953,0.0005814370382616503,0.00012345898774941
ising,8,1,0.18448979591836734,-16.353740064392603,0.015385952405553509,0.11721935842258435,0.11694269788387752
ising,8,1,0.20487755102040814,-16.39020324719675,0.003040367251478701,0.004958659688350357,0.0007518773456489388
ising,8,1,0.22526530612244897,-16.412894214119987,0.025500328420754097,0.3445743315599306,0.19039758002358945
ising,8,1,0.24565306122448985,-16.488854701691025,0.0007423262226152383,0.0004508530270700777,5.100244654221147e-05
ising,8,1,0.26604081632653065,-16.517676576233686,0.0026042200537483564,0.003896651668698672,0.0007801703117870242
ising,8,1,0.2864285714285714,-16.556216208061567,0.01497853239858917,0.11105485551061714,0.11072416644866133
ising,8,1,0.30681632653061225,-16.61474599550771,0.00026513882205094695,5.011765572580699e-05,1.1643110186643969e-05
ising,8,1,0.3272040816326531,-16.652845869721627,0.00030045448750366284,5.498245793299176e-05,1.0078415759368213e-05
ising,8,1,0.3475918367346939,-16.697781190792167,0.0005967220259964673,0.0002724471112369239,6.082671158747622e-05
ising,8,1,0.3679795918367347,-16.73797550801438,0.0004106452848060713,0.00015156488296612884,2.9533528448941534e-05
ising,8,1,0.3883673469387755,-16.752365279918678,0.020262520994419348,0.21022884003531495,0.1453012855553062
ising,8,1,0.4087551020408163,-16.803475633701993,0.002543952521716966,0.0036723571866030657,0.0009009600147275828
ising,8,1,0.4291428571428572,-16.867841416804758,0.0015338192393331413,0.0017377059543246395,0.0002703562135135073
ising,8,1,0.44953061224489793,-16.888497427022713,0.014325704488588671,0.1018497102553418,0.101366040033275
ising,8,1,0.4699183673469388,-16.89933149967442,0.00616020818334544,0.02471114547720523,0.0037272115651749093
ising,8,1,0.4903061224489797,-16.962790274484817,0.010860923946644615,0.059873137950747675,0.04139238963345089
ising,8,1,0.5106938775510205,-17.025083982190175,0.0004200415170255218,0.00014068683103581284,1.533889466383189e-05
ising,8,1,0.5310816326530613,-17.057863551415565,0.0010695625305988644,0.0007833335595600258,0.0002415142929775647
ising,8,1,0.551469387755102,-17.102994747502947,7.105619108072569e-07,3.8945304001761583e-10,1.8644610022138644e-11
ising,8,1,0.5718571428571428,-17.10980574968763,0.023163153534318685,0.2843588288214873,0.15704626612512848
ising,8,1,0.5922448979591837,-17.182299054211803,0.00023417159450756083,5.800896053522897e-05,5.459821638301224e-06
ising,8,1,0.6126326530612245,-17.222868265609698,0.00046002651266146855,0.0001421531859766369,2.546532510264991e-05
ising,8,1,0.6330204081632653,-17.266584194449347,8.8841629515464e-05,1.2854728917254934e-05,2.338375872981161e-06
ising,8,1,0.6534081632653062,-17.27363108617677,0.006378278677208893,0.039398110336416194,0.0067240148315091215
ising,8,1,0.673795918367347,-17.340686548840367,0.007084295687151972,0.024861589117264025,0.02479542032024204
ising,8,1,0.6941836734693878,-17.373802847926118,0.013336730203711716,0.08802822036537097,0.08774954841693926
ising,8,1,0.7145714285714286,-17.438053769422595,0.0007403330134504821,0.00042616885659620623,2.9860688659956184e-05
ising,8,1,0.7349591836734695,-17.4968275453314,0.002456307786790386,0.005435597846835495,0.0004257782691920128
ising,8,1,0.7553469387755103,-17.51337343393167,0.0002998150015621267,0.00011329117760254504,1.1923502211387986e-05
ising,8,1,0.775734693877551,-17.552173117516407,0.0001265234209307059,1.2770126924282938e-05,2.4951853922627147e-06
ising,8,1,0.7961224489795918,-17.594744480128128,0.0004032367401325753,0.00012757029750064714,1.7963582369788228e-05
ising,8,1,0.8165102040816327,-17.623152562111873,0.01284019492760973,0.08175587029860146,0.0814824484858356
ising,8,1,0.8368979591836735,-17.67608462317908,0.0002493170678447231,6.871064814572536e-05,7.061043285856613e-06
ising,8,1,0.8572857142857143,-17.714632592489124,5.73946635190375e-07,3.161905733401978e-10,1.5798542924341307e-11
ising,8,1,0.8776734693877551,-17.74244757172817,0.012590347916083449,0.07846053716346803,0.0782998317658632
ising,8,1,0.8980612244897959,-17.798546935152828,0.00026931016053348856,6.468958815655908e-05,6.942545540162398e-06
ising,8,1,0.9184489795918368,-17.82456797807773,0.012426635502718969,0.07646021069625368,0.0762786677726519
ising,8,1,0.9388367346938776,-17.875545400346887,0.001171946991455109,0.000953050722673047,0.00034676327432167853
ising,8,1,0.9592244897959183,-17.907319827774664,0.01226460412152138,0.07450629798341216,0.07429833039546845
ising,8,1,0.9796122448979592,-17.925648139682202,0.008172658857849173,0.051239214444485856,0.012246069137402534
ising,8,1,1.0,-17.98700260456189,0.012100643838267049,0.07247789536558771,0.07227053734218904
ising,10,1,2.0,-27.943564609437388,0.0202949272125594,0.22261221337452766,0.07892268218850877
ising,10,1,3.0,-29.89437865905173,0.028785784623698026,0.5801405603170027,0.09508554375580056
ising,10,1,4.0,-33.77290475240181,0.037494995807994265,1.1808154068953522,0.27641211896317913
ising,10,1,5.0,-47.34835201441136,0.021637267357367745,0.35696856557643186,0.02684040042195396
ising,10,1,6.0,-58.54794189138943,0.01549240329385599,0.182645294187253,0.011954953163926738
ising,10,1,7.0,-68.12997612561001,0.011869016321971435,0.09560912944267433,0.00559704908051806
ising,10,1,8.0,-78.89310284649821,0.013310538310954466,0.11457045545145113,0.008079019646448284
ising,10,1,9.0,-88.51894983604063,0.010836672553867652,0.07071464001604885,0.0049945958961368185
ising,10,1,10.0,-98.8482706297546,0.011247662188495272,0.07794943251991929,0.005652098279429939
ising,10,1,11.0,-108.91181979026275,0.012563169857448929,0.08724919367786432,0.005111696327175092
ising,10,1,12.0,-119.02234969828336,0.010909897845648976,0.07600876759170476,0.0044701506260500495
ising,10,1,13.0,-129.12403551836252,0.011286521941066902,0.07731787144145431,0.004206603510001343
ising,10,1,14.0,-139.1726696837313,0.010916310235125614,0.07464310316591152,0.004723247061299557
ising,10,1,15.0,-149.1137770984836,0.010875235945782994,0.06619500771411779,0.0036841435842983852
ising,10,1,16.0,-159.28633845621516,0.010011904449894488,0.062474697581490435,0.0037756005592792024
ising,10,1,17.0,-169.31784811217312,0.010571964716125948,0.06209538661159283,0.003686139855814367
ising,10,1,18.0,-179.38776393638543,0.009523626370705486,0.056065595817610385,0.0033733894845229748
ising,10,1,19.0,-189.3268144005041,0.00974196575965934,0.048926926919060414,0.002683835413659247
ising,10,1,20.0,-199.25396199289767,0.008875610115355285,0.04684529259252372,0.0029670253407532285
ising,10,1,21.0,-209.37515535404,0.009062866193922213,0.04995274175424227,0.0035720197530095727
ising,10,1,22.0,-219.44836656281868,0.00828850843234142,0.04075002125995437,0.0023511049719837627
ising,10,1,23.0,-229.41988388287868,0.007945014742643006,0.039349348892753384,0.002684283175242841
ising,10,1,24.0,-239.46046372703037,0.008874041134987866,0.037704635417615866,0.002360425058613128
ising,10,1,25.0,-249.58712096852275,0.0073831589835869705,0.032042299351445695,0.0018692158767203086
ising,10,1,26.0,-259.489927094672,0.0076059376834281345,0.03248171183673024,0.0020341410927192734
ising,10,1,27.0,-269.5217358001311,0.0077347448136165795,0.030869312213518487,0.0018297107661051648
ising,10,1,28.0,-279.542761407532,0.0074301336558449125,0.031563360288041166,0.002057429068090616
ising,10,1,29.0,-289.59013380691863,0.006994720767644112,0.029238709065653824,0.0018585277048046602
ising,10,1,30.0,-299.62785886192273,0.006996168996496118,0.028427477821825507,0.0016917749810462395
ising,10,1,31.0,-309.62715610774194,0.0070088562321915645,0.026242908251109767,0.0016756296490080286
ising,10,1,32.0,-319.6043629491992,0.006968790025040824,0.02457874320815221,0.0014267987561977964
ising,10,1,33.0,-329.59853067939235,0.006453496560009061,0.023274916232455454,0.0013929157470255241
ising,10,1,34.0,-339.6565731104098,0.006614905160773271,0.022717930808128325,0.0015781327322312707
ising,10,1,35.0,-349.6730978403201,0.0061677545825303895,0.02209452989184456,0.0016505536099719034
ising,10,1,36.0,-359.6455756005284,0.0062216239529995065,0.02114666940328686,0.0015708861895398045
ising,10,1,37.0,-369.66164405515104,0.005743558997596232,0.01973878196073437,0.0012953215671278313
ising,10,1,38.0,-379.64154416938726,0.0057261755688831,0.01898157186949658,0.0012045838848821196
ising,10,1,39.0,-389.7054684345984,0.0054560197791166725,0.01840758944055422,0.0011867636426129372
ising,10,1,40.0,-399.702155408812,0.00537129351840191,0.016734617301287818,0.0011911636092243976
ising,10,1,41.0,-409.61960892277585,0.005814254216708959,0.020093762719933392,0.001109766432971133
ising,10,1,42.0,-419.68637208812066,0.005180072340665791,0.016255686285696014,0.0009222257711938707
ising,10,1,43.0,-429.6808337519932,0.005011270138850036,0.015794730122350033,0.0011612918793055301
ising,10,1,44.0,-439.69871484057063,0.005147168147449215,0.015674716653589483,0.0010646012434557637
ising,10,1,45.0,-449.6952744331409,0.005005991438404905,0.01543086879926126,0.0008856187665621069
ising,10,1,46.0,-459.7227037085485,0.005054298750943804,0.015234975202876824,0.0010212164004792842
ising,10,1,47.0,-469.71043231234785,0.005086055821948614,0.015667531129185924,0.000946098694986453
ising,10,1,48.0,-479.77280616045175,0.00477415804713998,0.014763178784534188,0.0008914937309182015
ising,10,1,49.0,-489.73831887113965,0.004929079734972931,0.014837142062197037,0.0008900071964091033
ising,10,1,0.001,-23.905250000020928,0.03793089933317869,0.764448295514862,0.2961482058159061
ising,10,1,0.021387755102040815,-24.02673272639185,0.016042790959281752,0.12739878011340985,0.1271495146395203
ising,10,1,0.041775510204081635,-24.05211458908763,0.02219271968304038,0.25173412658424354,0.17431096424367462
ising,10,1,0.06216326530612245,-24.124326554404412,5.072076288832388e-10,5.944675752785906e-16,3.0389139994703144e-17
ising,10,1,0.08255102040816327,-24.097220864908532,0.0412106166579979,0.6163024331514664,0.31726084793054465
ising,10,1,0.10293877551020407,-24.12756849753595,0.0337027151385057,0.6065178936643107,0.2564457684865664
ising,10,1,0.12332653061224493,-24.188776858693394,0.029666660897548363,0.4819804193177469,0.2265791572305724
ising,10,1,0.1437142857142857,-24.270114579256298,0.011186966939819774,0.06401317309727034,0.044247048472793184
ising,10,1,0.16410204081632654,-24.32888986010757,0.0001814389430224317,0.00021786001108544049,5.649168458576617e-05
ising,10,1,0.18448979591836734,-24.33820935289017,0.02139214173505544,0.23386174401952936,0.1619482689770418
ising,10,1,0.20487755102040814,-24.37067842578588,0.025606671623908586,0.3477187957277555,0.1923914296433072
ising,10,1,0.22526530612244897,-24.442513761841607,0.008092627387710166,0.03225157296832841,0.03207764663756333
ising,10,1,0.24565306122448985,-24.47616763758192,0.015138495621017038,0.1134412114382988,0.11321925501533354
ising,10,1,0.26604081632653065,-24.482779951928574,0.028570639262791638,0.4486951397624742,0.21058088801692454
ising,10,1,0.2864285714285714,-24.514527950729427,0.018980806816266342,0.22001373498345936,0.0733145369258704
ising,10,1,0.30681632653061225,-24.58188686966878,0.020707776357420517,0.22123793553052806,0.15104375585419866
ising,10,1,0.3272040816326531,-24.61698928180907,0.02813282532341685,0.43729149049403865,0.20437238677637887
ising,10,1,0.3475918367346939,-24.63849287782164,0.02794498955754041,0.4273603373499173,0.201009344104306
ising,10,1,0.3679795918367347,-24.69132204305399,0.02508322336802184,0.31725132535042444,0.17999931338663272
ising,10,1,0.3883673469387755,-24.74760865097893,0.020249078510684557,0.20953721662593608,0.14510363659431716
ising,10,1,0.4087551020408163,-24.701663601802,0.04392251896019804,0.8188006619253069,0.304206138981227
ising,10,1,0.4291428571428572,-23.965700425572763,3.682126668679849e-05,5.578804108353858,6.637940797665148e-05
ising,10,1,0.44953061224489793,-24.870428413296064,0.019906159043639238,0.2025002611094051,0.14023057465682534
ising,10,1,0.4699183673469388,-24.03501763479499,0.016359968463945274,5.6586676318957245,0.15129681008066076
ising,10,1,0.4903061224489797,-24.95202702352398,0.020014026883536228,0.19789193435605,0.13935950401631106
ising,10,1,0.5106938775510205,-25.023242482486157,0.00020604955874912225,6.172220431171585e-05,6.555086641347447e-06
ising,10,1,0.5310816326530613,-25.021964317518385,0.02341205163166699,0.2898156592748914,0.16053294274111704
ising,10,1,0.551469387755102,-25.03116714122037,0.028884135825157857,0.4791949224843203,0.19545247292958065
ising,10,1,0.5718571428571428,-25.128902647134307,0.013823953752285274,0.0945899058806227,0.09437184271170557
ising,10,1,0.5922448979591837,-25.16010926182143,0.019472588373753888,0.18702880020778367,0.13151058528663495
ising,10,1,0.6126326530612245,-25.200410894555958,0.01937486125943239,0.18462498595798732,0.12991448648805126
ising,10,1,0.6330204081632653,-25.206169641615528,0.029918586896598064,0.4542881747045237,0.19676622053787166
ising,10,1,0.6534081632653062,-24.472354746428728,0.0003622460030567187,4.905114249778872,0.0008616754942590414
ising,10,1,0.673795918367347,-25.30735551198658,0.022970889479049888,0.26604986868384345,0.15099250785641327
ising,10,1,0.6941836734693878,-25.237099179327856,0.049637861570112435,1.0376996515387706,0.3121060812234984
ising,10,1,0.7145714285714286,-25.34808178916209,0.03147503353442232,0.5276026321064473,0.18939976334899333
ising,10,1,0.7349591836734695,-24.638288126410355,0.013180518385838672,4.724876482112953,0.06408783416660242
ising,10,1,0.7553469387755103,-25.500000669611953,0.013087067609139831,0.0850745830588364,0.08462570306373521
ising,10,1,0.775734693877551,-25.525467297533478,0.01838628453380252,0.16699956071475533,0.11762349600549522
ising,10,1,0.7961224489795918,-25.566024167659823,0.018270207759457764,0.1650011849853904,0.11612686462879485
ising,10,1,0.8165102040816327,-25.54494473860792,0.03646048601750688,0.5644888340184028,0.2258099827820599
ising,10,1,0.8368979591836735,-25.586689305564704,0.031332002025479526,0.564036327583218,0.19227771405401334
ising,10,1,0.8572857142857143,-25.629317460896694,0.0362950053942197,0.6318551287395804,0.2220234963179785
ising,10,1,0.8776734693877551,-25.618465320360926,0.0402101806854992,0.8462010193758189,0.2402601541195829
ising,10,1,0.8980612244897959,-25.02063783877845,8.746567826698311e-09,4.20963475352304,9.494389628617328e-08
ising,10,1,0.9184489795918368,-25.808852268907447,0.017297322536669876,0.15300753323373015,0.10552663013035364
ising,10,1,0.9388367346938776,-25.729552690285864,0.03967848024433924,0.8849096621555743,0.2313567715093214
ising,10,1,0.9592244897959183,-25.806136737272784,0.033376888221876524,0.5893925311717332,0.19538583349000824
ising,10,1,0.9796122448979592,-25.895493674632807,0.025384787957365536,0.3666346931575336,0.14997859180180967
ising,10,1,1.0,-25.976003373749773,0.017108926321396215,0.1460713846664734,0.10183841895814176
ising,12,1,2.0,-35.016905977022866,0.04737124947807338,2.7641094462718163,0.19514762293866947
ising,12,1,3.0,-36.701944464659945,0.1194621985616916,25.090998866159854,5.7124617299195855
ising,12,1,4.0,-41.83108401488446,0.09674273121325057,5.961699458451962,2.886092780658971
ising,12,1,5.0,-55.83060703676222,0.029437659051411207,0.5507844629034817,0.03523632601526132
ising,12,1,6.0,-68.84241059835335,0.01929774401446985,0.3028249738041697,0.014518818294099269
ising,12,1,7.0,-81.56952975467577,0.015979432874672666,0.17207116497434147,0.010796257461428468
ising,12,1,8.0,-93.78695947348714,0.018243054584181614,0.1815722933623596,0.011084083062411071
ising,12,1,9.0,-106.3636816963143,0.0166115334049131,0.17107122901558156,0.009921865696234992
ising,12,1,10.0,-118.5343127307184,0.015943762370750646,0.1620739367976012,0.008078558151056391
ising,12,1,11.0,-130.61316409829428,0.016182818752292227,0.16426471941904114,0.009260088273581334
ising,12,1,12.0,-142.72599841055168,0.01562050785538324,0.1491886197393878,0.009834020081835943
ising,12,1,13.0,-154.76447321303328,0.015307883862288669,0.1282346287681515,0.0071122714098816545
ising,12,1,14.0,-166.63050586992586,0.015341565270864868,0.12198698152985732,0.00711809896655243
ising,12,1,15.0,-178.97469380920865,0.015263035163795248,0.11860898887925116,0.007879980786955489
ising,12,1,16.0,-191.0336816752843,0.014119993322877831,0.10797529886275824,0.006867773039685718
ising,12,1,17.0,-202.99654989646191,0.013253431205190151,0.09575691051689918,0.005383278867628696
ising,12,1,18.0,-215.09654519714374,0.012834010274099436,0.07836091108132986,0.005165464550804354
ising,12,1,19.0,-227.14161463686028,0.012698717000966642,0.07533090787035471,0.0045624444341989595
ising,12,1,20.0,-239.19773679837482,0.011012657189709887,0.06363956038874316,0.003552243024512244
ising,12,1,21.0,-251.23620049840943,0.011054865825508079,0.06123313696616135,0.004599205447056211
ising,12,1,22.0,-263.29012700970884,0.010442769102031409,0.05574382762916336,0.0034385170404694783
ising,12,1,23.0,-275.32729193370164,0.009209187145424015,0.046500220586874544,0.0029350510055387823
ising,12,1,24.0,-287.34707451954745,0.010146952232138958,0.05042922227434003,0.003470792012512639
ising,12,1,25.0,-299.36581865645354,0.009433051804960495,0.04430474433784528,0.0026754972514259627
ising,12,1,26.0,-311.4141437751544,0.008900763770211484,0.04624302838391111,0.003206919503783281
ising,12,1,27.0,-323.34552836147213,0.008673076872056689,0.039273595094329504,0.002353346664369831
ising,12,1,28.0,-335.4802886489157,0.008093420644548507,0.03768261779151204,0.002528395407535683
ising,12,1,29.0,-347.44476200900635,0.008377052983211857,0.03638610216326259,0.0023200268182341213
ising,12,1,30.0,-359.5544951967084,0.008099566736517004,0.03386281490135176,0.0020734484636239746
ising,12,1,31.0,-371.38415364050314,0.007636284096204795,0.029917658846185618,0.002037309855233521
ising,12,1,32.0,-383.49353719821715,0.007911239508944005,0.0336313145985125,0.0023293894002303322
ising,12,1,33.0,-395.5075034083332,0.007343759360633612,0.02909661933179973,0.0017437396509288087
ising,12,1,34.0,-407.5314021031543,0.00733402523933212,0.026121302609811915,0.0016111271565293914
ising,12,1,35.0,-419.5933069916567,0.007447384458117888,0.02668589284009505,0.0014807431594386108
ising,12,1,36.0,-431.52590615372077,0.007287551608608452,0.02571748012938124,0.0017749010843407535
ising,12,1,37.0,-443.609113414836,0.006202084797711633,0.023685782092383457,0.001587748503847554
ising,12,1,38.0,-455.59085632338594,0.006421397860650046,0.023710661946303783,0.0017198753008473113
ising,12,1,39.0,-467.579545142219,0.005919856642013761,0.019028840217174325,0.0011313155843087307
ising,12,1,40.0,-479.55512549986895,0.006434449074772293,0.02172161988426001,0.0015469060744374053
ising,12,1,41.0,-491.60153475681096,0.006250657504694115,0.021953694207887828,0.0012908956007319221
ising,12,1,42.0,-503.6006652853201,0.00647425519320641,0.02048303247126479,0.0014098310768880249
ising,12,1,43.0,-515.6498622919233,0.005780091917393767,0.020540941409858987,0.0013340029363095823
ising,12,1,44.0,-527.6404125255667,0.005751766982084765,0.01914436071426826,0.0011125168697363843
ising,12,1,45.0,-539.6059462063698,0.005650719152321051,0.017531639687930332,0.0010478022344657027
ising,12,1,46.0,-551.6501443799914,0.005258152267563233,0.016652993959971888,0.0010033026089405724
ising,12,1,47.0,-563.6457750451809,0.005252507823987613,0.015813787092965118,0.0010295873797263532
ising,12,1,48.0,-575.6824599894787,0.005297960078980776,0.0157172086277611,0.001080816970201958
ising,12,1,49.0,-587.6482267784218,0.005469713186708396,0.016420513308957264,0.0009239639573095869
ising,12,1,0.001,-31.856874999992804,0.04710413994689002,1.1396537908850908,0.3632839501882412
ising,12,1,0.021387755102040815,-31.01603686639089,0.022687933049983962,7.116031081398432,0.13325053027439754
ising,12,1,0.041775510204081635,-31.891855579014805,0.055662377281347854,1.6730100814134468,0.5087274853231296
ising,12,1,0.06216326530612245,-31.060475469707388,0.03478777431204779,7.246766143758974,0.20004680830073696
ising,12,1,0.08255102040816327,-30.12868934648861,0.02930851718747741,12.398876413782153,0.30764405071615697
ising,12,1,0.10293877551020407,-30.24163298114605,0.01571395654981306,11.451306036570756,0.060752232860944624
ising,12,1,0.12332653061224493,-31.13077938997901,0.04775577913316621,7.485644076057047,0.2639252814932785
ising,12,1,0.1437142857142857,-31.245030520267058,0.03867636484512098,7.141880806139642,0.2850406369062371
ising,12,1,0.16410204081632654,-29.339700774043447,0.032214748995167165,14.937312704900279,0.3183757792573904
ising,12,1,0.18448979591836734,-30.33207885306942,0.039342351375999764,12.345106663984051,0.4410141838046587
ising,12,1,0.20487755102040814,-32.29430340769055,0.04725884544527067,0.9177030372406672,0.34650730714328776
ising,12,1,0.22526530612244897,-30.49330760001457,0.02961606807689025,11.22469719052796,0.22626078323031906
ising,12,1,0.24565306122448985,-31.46188840962202,0.034960858696657764,6.6700627208852135,0.1895908366268325
ising,12,1,0.26604081632653065,-30.609723176043865,0.02255030429417739,11.122970774734409,0.2591852421254948
ising,12,1,0.2864285714285714,-31.53399684482557,0.0338262037835456,7.415434142036608,0.4049885135415068
ising,12,1,0.30681632653061225,-30.66715075592784,0.03568942669817142,11.04776878820248,0.3204376633861773
ising,12,1,0.3272040816326531,-31.67661488305432,0.03176318541152789,6.344796043369651,0.17126383848903395
ising,12,1,0.3475918367346939,-32.56271082641804,0.04768179408322888,1.2163450396330024,0.3845499333495904
ising,12,1,0.3679795918367347,-31.82795401601151,1.296670230803556e-08,5.771313604040699,1.647678790055618e-07
ising,12,1,0.3883673469387755,-31.76152127045495,0.044635672892303725,7.079518058469017,0.3483936328721884
ising,12,1,0.4087551020408163,-30.978305754429933,0.024231071576035164,9.826992466418805,0.08494113232400932
ising,12,1,0.4291428571428572,-32.78309284771095,0.03176438755380532,0.508670976659274,0.22214908145948434
ising,12,1,0.44953061224489793,-32.82747918726979,0.03158274614248913,0.5031770089867807,0.2198174005689032
ising,12,1,0.4699183673469388,-32.830632387802545,0.036670784560391835,0.6986600825434257,0.2503309635474839
ising,12,1,0.4903061224489797,-31.139032668508392,0.02676255728429776,10.335141963372797,0.32955077610664096
ising,12,1,0.5106938775510205,-32.09259189831418,0.024106060986233843,5.522498247338307,0.12343087418502288
ising,12,1,0.5310816326530613,-32.150834805047694,0.02244813822475509,5.668468110407009,0.2056335316023112
ising,12,1,0.551469387755102,-32.192256560857025,0.02643806803994953,5.7410177215563385,0.216809289523038
ising,12,1,0.5718571428571428,-30.516155543771113,0.020718114464312043,11.724084006070507,0.2581320745166166
ising,12,1,0.5922448979591837,-32.29132817651417,0.02299300359454162,5.289614866922797,0.11566620237158998
ising,12,1,0.6126326530612245,-33.18885320514586,0.026975468701125462,0.3867660814943714,0.178707292369113
ising,12,1,0.6330204081632653,-32.359372779670885,0.027112146986915463,5.543112228669899,0.2409121823608367
ising,12,1,0.6534081632653062,-33.27982799875717,0.01876309805376126,0.1799118494834967,0.12458819511253882
ising,12,1,0.673795918367347,-31.09846553405345,0.024899047018683555,8.992136327523854,0.2007876161608731
ising,12,1,0.6941836734693878,-33.297666302758266,0.03372555601748396,0.608884529266194,0.2169390822437492
ising,12,1,0.7145714285714286,-32.316742961872336,0.04914822867533695,6.206136076718719,0.5005689652091431
ising,12,1,0.7349591836734695,-32.578088738824675,0.033202637478151456,5.524353668520035,0.27102834710142154
ising,12,1,0.7553469387755103,-32.654189589712374,0.020132021303051625,5.162879116642428,0.2418215268838713
ising,12,1,0.775734693877551,-32.72146285576677,0.00818007422094212,4.689112519500974,0.12312681665586026
ising,12,1,0.7961224489795918,-31.87436076074609,0.035153431094564445,7.97817032480604,0.10551792331588784
ising,12,1,0.8165102040816327,-33.52703551487589,0.03927138837584261,0.8307731301646092,0.33661160701055465
ising,12,1,0.8368979591836735,-32.85099607450632,0.027961191658655047,4.7491606299501745,0.13084062940506785
ising,12,1,0.8572857142857143,-31.334539405956754,0.01948259339121778,9.447976919526994,0.09951515350847646
ising,12,1,0.8776734693877551,-33.65484020939397,0.03448371461609465,0.6162260188848031,0.20808443972342386
ising,12,1,0.8980612244897959,-33.70743518087066,0.033748095977299816,0.6156064185597745,0.20330040995197848
ising,12,1,0.9184489795918368,-33.031826131331165,0.017622828130676546,4.257219536014622,0.07961299253645153
ising,12,1,0.9388367346938776,-33.071567589763845,0.020500958294516505,4.448690797467542,0.1814350730769158
ising,12,1,0.9592244897959183,-33.08468789286233,0.028316009589633262,4.375404356673816,0.12505381903431725
ising,12,1,0.9796122448979592,-33.98858307487763,0.02943547563912446,0.44091459092743895,0.16665277144566784
ising,12,1,1.0,-32.395161709313385,0.03561193097027795,7.376104692030921,0.2313162796516441
ising,14,1,2.0,-42.87912545765739,0.02920970259080085,3.4203253056228613,0.14223312082638642
ising,14,1,3.0,-45.17348834746808,0.08469887420739595,6.948927443883722,1.1792923690500994
ising,14,1,4.0,-49.844497079208146,0.113585134966395,11.4876346424173,2.3632417532671823
ising,14,1,5.0,-64.50147084375176,0.045094079133479584,1.257333768640977,0.08195331213649518
ising,14,1,6.0,-80.20503086926827,0.02269816210693381,0.3627720112967122,0.022818444366968886
ising,14,1,7.0,-94.83403351085786,0.01965048260688057,0.2577486858510548,0.012758883585216938
ising,14,1,8.0,-109.17108569614872,0.01970374168637354,0.2644102692424364,0.015496295394305543
ising,14,1,9.0,-123.85680398953082,0.02265878040759806,0.2805557910585668,0.01709688937511001
ising,14,1,10.0,-138.0206598515037,0.02246427865830324,0.2762879456221417,0.015398250794231244
ising,14,1,11.0,-152.1230712968025,0.020866628381351282,0.2420290830337757,0.014402553198028963
ising,14,1,12.0,-166.29935553047423,0.020526520078006916,0.2042297210990456,0.011450237631630174
ising,14,1,13.0,-180.88831947789342,0.018825948707177947,0.17452366982255274,0.011373278213657896
ising,14,1,14.0,-194.73404841139902,0.017674018433449616,0.15305323871176196,0.010354964328304057
ising,14,1,15.0,-208.73270940878902,0.016756585533368226,0.15763019245005952,0.010314369636744496
ising,14,1,16.0,-222.70755722979786,0.01593665972653245,0.140057165533787,0.008025738766782909
ising,14,1,17.0,-236.88523062042896,0.01561918859654855,0.12296700163590615,0.0076000073659566935
ising,14,1,18.0,-250.86907497439208,0.014571777783681975,0.11636912270257475,0.007729242075941577
ising,14,1,19.0,-264.96652321904287,0.012990826079521123,0.09648643034847433,0.006411341041625882
ising,14,1,20.0,-278.9352266468655,0.012543722941158823,0.08781079635860195,0.005912566401646876
ising,14,1,21.0,-293.2006420861896,0.011700367686068162,0.07302489030609008,0.004978445376558545
ising,14,1,22.0,-307.12106315571964,0.01118819723321973,0.06987704922976071,0.0041994786044502455
ising,14,1,23.0,-321.19113567005337,0.010712224620101258,0.06138187563003829,0.0037671419723929772
ising,14,1,24.0,-335.0966972400247,0.01084459590938133,0.06198190738938832,0.004063010934868092
ising,14,1,25.0,-349.3338826396673,0.009795131877941777,0.05506263491870565,0.0034745271290916725
ising,14,1,26.0,-363.23943408440033,0.01112936148995698,0.06420729558108579,0.005123621690117468
ising,14,1,27.0,-377.39994983797516,0.009079793802360495,0.05193070327480562,0.003806448497285315
ising,14,1,28.0,-391.2859921976143,0.01047591196469215,0.0559967229251389,0.0034321601648418017
ising,14,1,29.0,-405.29608350205183,0.008822433816869686,0.04242376911810028,0.0028756828230475547
ising,14,1,30.0,-419.43728060023295,0.008244438447868993,0.03846921469626,0.0021853727438569414
ising,14,1,31.0,-433.46581710042295,0.008502813765292374,0.039193152974674336,0.0032714278024039817
ising,14,1,32.0,-447.4293869081772,0.008211429137415089,0.03425640249078125,0.002206944552752647
ising,14,1,33.0,-461.4232513329974,0.00787473642343385,0.032782978659629036,0.0019366017729294906
ising,14,1,34.0,-475.4359943339288,0.007986273185250675,0.032937706066314444,0.002072562581192923
ising,14,1,35.0,-489.5124224976538,0.007607693753335869,0.0331877167467583,0.0020782550137153142
ising,14,1,36.0,-503.49889634533827,0.007731354651185135,0.031867422620885884,0.002160358045609868
ising,14,1,37.0,-517.5354496078976,0.007430373889278641,0.028822365368184763,0.0019372661194961534
ising,14,1,38.0,-531.5455535011006,0.0076037273072847075,0.03166967412639419,0.0019506328172702624
ising,14,1,39.0,-545.4633527082851,0.0072266129683239465,0.031613107539927576,0.0020293091104032265
ising,14,1,40.0,-559.5607221420909,0.006917915364301703,0.0303652720263356,0.002050805595315273
ising,14,1,41.0,-573.5512258643727,0.007242519407535139,0.027628147099779742,0.0016904991943511756
ising,14,1,42.0,-587.5687501492787,0.006862395959469182,0.02568799963182123,0.0021961818632405187
ising,14,1,43.0,-601.620510256791,0.0066684130804670035,0.02672163178166695,0.0015276918440556796
ising,14,1,44.0,-615.5762197886977,0.0063272564110834865,0.022499954643110658,0.001358390742762284
ising,14,1,45.0,-629.5741935734588,0.006660285569758618,0.02304789517120362,0.0014265025280127874
ising,14,1,46.0,-643.6248791123055,0.00594060560085098,0.020437726664478708,0.0011480810054549221
ising,14,1,47.0,-657.585441277527,0.006419006124636532,0.02141098625996143,0.0013811274425781404
ising,14,1,48.0,-671.5734992842215,0.0067725041174731175,0.024084229758610243,0.0017030202856657608
ising,14,1,49.0,-685.608767091991,0.005588286633992815,0.018290496639446083,0.00138107678005693
ising,14,1,0.001,-33.334069186646644,0.08181949619265037,17.737740758324048,0.7494978463268288
ising,14,1,0.021387755102040815,-38.91663854339078,0.04168875061010472,8.475804168686745,0.4776071559018381
ising,14,1,0.041775510204081635,-38.82047514812372,0.04782993869791332,10.966854363575921,0.6295207292675677
ising,14,1,0.06216326530612245,-38.09970853611939,0.028365410657972007,11.941924460985053,0.16394243892599994
ising,14,1,0.08255102040816327,-39.07450090710218,0.03783941769155047,7.737111771323176,0.3316161681051609
ising,14,1,0.10293877551020407,-38.13931365950943,0.030248252524564638,13.445798928988006,0.4675772252518626
ising,14,1,0.12332653061224493,-40.12916631072934,0.044299681207588065,0.9919009342800896,0.3921917291889581
ising,14,1,0.1437142857142857,-38.120820382898586,0.05013686414908091,13.71621037452869,0.4811642674046143
ising,14,1,0.16410204081632654,-37.15089423669856,0.04667334061068516,17.361458049115956,0.536663319647834
ising,14,1,0.18448979591836734,-35.350336220138225,0.0554282520949568,16.411403994228287,0.6718755894840029
ising,14,1,0.20487755102040814,-39.42954267106107,0.018971411574795326,6.6661737988733725,0.21145561664879667
ising,14,1,0.22526530612244897,-36.612202115256494,0.024420544295941808,15.033134954367926,0.3149753945913397
ising,14,1,0.24565306122448985,-37.595889066158364,0.026491041875219005,14.099875074303538,0.28876875988394074
ising,14,1,0.26604081632653065,-36.594881487189724,0.04692188069850358,15.260436047208538,0.3742397842424716
ising,14,1,0.2864285714285714,-36.901037608866474,0.07941709566756923,24.853946264759468,1.156910799843703
ising,14,1,0.30681632653061225,-36.823675988400666,0.03116426854248592,14.86117279131885,0.41627017012288986
ising,14,1,0.3272040816326531,-34.11411032417166,0.033639686437198814,6.612348733116912,0.2269673722315921
ising,14,1,0.3475918367346939,-36.83309809099269,0.05263602862030176,15.989077205669654,0.7091050073725
ising,14,1,0.3679795918367347,-37.93426630414936,0.031759514243312706,13.111680241745058,0.36011581721438896
ising,14,1,0.3883673469387755,-37.867730758140134,0.04611343256507295,13.881858030528836,0.4200973936648773
ising,14,1,0.4087551020408163,-38.856392960323774,0.03852349566750154,10.64780132198962,0.30644670213305364
ising,14,1,0.4291428571428572,-38.971479212787635,0.032634423484455166,10.723707787498196,0.37597107624774295
ising,14,1,0.44953061224489793,-39.032539969092845,0.033370135455678504,10.306940086685737,0.3337993330667713
ising,14,1,0.4699183673469388,-37.30683381893765,0.033099316680278344,13.496261414535338,0.3623157130760019
ising,14,1,0.4903061224489797,-37.333665543311646,0.03856498404038028,13.450968446510227,0.38368203816477575
ising,14,1,0.5106938775510205,-39.9637446149489,0.049447414251751566,7.5576686753897775,0.6681511446662692
ising,14,1,0.5310816326530613,-38.18151580733138,0.0543276922218771,14.199580318298814,0.7136784390645555
ising,14,1,0.551469387755102,-38.40451568314587,0.03894487346143754,13.031189148474422,0.4623282296941007
ising,14,1,0.5718571428571428,-38.42736742763374,0.04673155863599356,13.570828084886005,0.6565730738523032
ising,14,1,0.5922448979591837,-39.36352043280786,0.04090613562317226,9.61824028355733,0.2907339331563856
ising,14,1,0.6126326530612245,-38.60334620433582,0.036074241597596486,11.323454313494734,0.2409760024352146
ising,14,1,0.6330204081632653,-38.56768238839075,0.04231225864181008,11.581986136452125,0.2611125760376393
ising,14,1,0.6534081632653062,-38.73499111158333,0.02328014632432296,11.11682613639092,0.2332256444426506
ising,14,1,0.673795918367347,-37.05010843284425,0.03577652280958353,11.744358054065495,0.3702885831805369
ising,14,1,0.6941836734693878,-39.636919161076044,0.030813135987479427,9.097846411160326,0.2883829690397739
ising,14,1,0.7145714285714286,-37.204272399806015,0.03195258770269548,11.084263262755243,0.2911096397528465
ising,14,1,0.7349591836734695,-37.30287108098299,0.02922416777305688,21.37711610987047,0.2793103695082936
ising,14,1,0.7553469387755103,-37.37728429811922,0.02805101183831516,10.479092596212825,0.26265364420971044
ising,14,1,0.775734693877551,-38.953064159752586,0.04901019520330214,10.256979394502961,0.16871026750334905
ising,14,1,0.7961224489795918,-39.090928092545575,0.03496955631095816,10.5265747438966,0.3149083664816718
ising,14,1,0.8165102040816327,-39.12003688700534,0.02959500860418485,10.404264575354961,0.2740280641502585
ising,14,1,0.8368979591836735,-39.949867048427855,0.04314922988909002,9.016387484798905,0.5344613961979953
ising,14,1,0.8572857142857143,-39.26425329841372,0.028093865664551902,10.29100516800707,0.3340610560540022
ising,14,1,0.8776734693877551,-39.13390269454853,0.04785725270826355,12.17011379192633,0.5516080615488793
ising,14,1,0.8980612244897959,-38.67361609556824,0.01488228291625623,9.703861075294679,0.08196458797536492
ising,14,1,0.9184489795918368,-40.23470332374982,0.024946157549719825,7.5526481579350815,0.19098342079299135
ising,14,1,0.9388367346938776,-38.69834366678632,0.037653960426593636,10.057202221291355,0.33667237819317136
ising,14,1,0.9592244897959183,-38.812831920353204,0.02475574060912333,9.648604381951216,0.17588366276874495
ising,14,1,0.9796122448979592,-41.123215453263356,0.03291992201407553,4.7742755101873815,0.2333340986268369
ising,14,1,1.0,-38.88324291165083,0.035690384058367115,9.918179690342155,0.35667210480123296
ising,16,1,2.0,-50.28226525918675,0.04180012873566757,8.565449495259383,0.3725067482825026
ising,16,1,3.0,-51.93321397523322,0.11394200017122533,16.034122116340136,0.5442421444953249
ising,16,1,4.0,-59.83790130856618,0.19522729624136706,29.370895088610713,5.722612093655178
ising,16,1,5.0,-70.82160804884501,0.05435357464221547,2.231536552792316,0.1723251064866634
ising,16,1,6.0,-91.35416515557982,0.02920925001153491,0.571739834928025,0.03152907917993141
ising,16,1,7.0,-108.0526221146528,0.02484241836865806,0.44475942697843823,0.023428112049946454
ising,16,1,8.0,-124.51255496969793,0.02620821172120149,0.4215786866748468,0.02228416666316756
ising,16,1,9.0,-141.37852817079926,0.02900990891299895,0.4646058759470515,0.02577810226288824
ising,16,1,10.0,-157.21827702466152,0.027639184708828302,0.36290262004232826,0.021543506447038417
ising,16,1,11.0,-173.78707790780533,0.02573975491310221,0.3411559667056723,0.02097241079944582
ising,16,1,12.0,-189.89953028490575,0.021510542615119515,0.23859277463839465,0.014969072568129991
ising,16,1,13.0,-206.2484716318178,0.019511096243154648,0.2160031281022316,0.012319346052179369
ising,16,1,14.0,-222.4944184459519,0.01955953211389854,0.19747142744631524,0.0106956750105258
ising,16,1,15.0,-238.42536936887927,0.01932585708833016,0.21157112281876475,0.014025921399596023
ising,16,1,16.0,-254.4254263087363,0.017853280785511925,0.16616897979533587,0.012215730489755952
ising,16,1,17.0,-270.46468354203853,0.01661614700845838,0.14698257545786647,0.008867542317018617
ising,16,1,18.0,-286.8000267770065,0.016086650141255498,0.1204870240792677,0.007124993646597859
ising,16,1,19.0,-302.95807513806716,0.014209541957431591,0.11227057425594893,0.009061295459753298
ising,16,1,20.0,-318.81041406383633,0.015559379852702376,0.11187062871883137,0.006821766057373722
ising,16,1,21.0,-335.10031090924565,0.012896073167944257,0.08797096254508897,0.0057285285955043464
ising,16,1,22.0,-350.99958814955346,0.014285701367594132,0.09342234500569926,0.005679412943669353
ising,16,1,23.0,-367.11630945588763,0.013133917763316363,0.09006028808602899,0.0055713562813950535
ising,16,1,24.0,-383.0872333727254,0.012941145924048077,0.08858367680562132,0.006041491070038704
ising,16,1,25.0,-399.1656464442677,0.011286256815681055,0.07308519255788318,0.0044991227761697694
ising,16,1,26.0,-415.2371194804455,0.012069920411142843,0.07093529820827874,0.004454802761160546
ising,16,1,27.0,-431.23703028561874,0.011511899018433138,0.0687098294778295,0.005016565473162017
ising,16,1,28.0,-447.12312769535635,0.010867819165669626,0.06466550814858835,0.003989554356656166
ising,16,1,29.0,-463.2444391375717,0.011194336369656338,0.06097019956774182,0.0038828799859589413
ising,16,1,30.0,-479.29753997248497,0.010103405941769842,0.05112321572920453,0.0030066883810773394
ising,16,1,31.0,-495.2422665521405,0.010137032521340456,0.05179546064654905,0.0032252618990759475
ising,16,1,32.0,-511.27177398053703,0.009860133764751292,0.047095559401926335,0.002812770868618073
ising,16,1,33.0,-527.3327620317307,0.009719884217124494,0.04951184767107767,0.0031825011835937985
ising,16,1,34.0,-543.3673904585672,0.009492139480742331,0.0457344407549876,0.003042094113896832
ising,16,1,35.0,-559.4383475129724,0.009134317282047116,0.05036310546955775,0.003807858237177685
ising,16,1,36.0,-575.4257989702103,0.008924440580674346,0.04140088737550721,0.002600932166568713
ising,16,1,37.0,-591.3920453257829,0.008735891583554813,0.04027759009510985,0.002570625337780845
ising,16,1,38.0,-607.4657408690157,0.008565714093965065,0.04239405554307808,0.002352237795341159
ising,16,1,39.0,-623.4277003863774,0.008790514798844908,0.0418451231608227,0.0027991835505887354
ising,16,1,40.0,-639.4799650930117,0.008693666850961011,0.04199849767236829,0.002606436058114452
ising,16,1,41.0,-655.4717007720183,0.00860864116599444,0.038690421884507865,0.002396316200763781
ising,16,1,42.0,-671.4972165322057,0.008101010750138887,0.03681732301317006,0.002235761301915033
ising,16,1,43.0,-687.4792689744745,0.007870062008816,0.034708842934044346,0.0021522481119238754
ising,16,1,44.0,-703.4922720154207,0.008780261789643497,0.03636128250653994,0.002429232799417117
ising,16,1,45.0,-719.4753320860567,0.007548614621108498,0.03529624178825985,0.0021517898334812344
ising,16,1,46.0,-735.5476577366085,0.008254857714324172,0.038273489913642836,0.002316730254469141
ising,16,1,47.0,-751.5556704129007,0.007674296625771109,0.03384159982734592,0.0021448563727794186
ising,16,1,48.0,-767.5538338669733,0.007314049749251952,0.03281479100464077,0.002292465043187751
ising,16,1,49.0,-783.5607166652347,0.0077539181034520215,0.031124612478159744,0.0017930657777587566
ising,16,1,0.001,-42.874225805752175,0.0345264284339722,16.136906292504612,0.33799550086819075
ising,16,1,0.021387755102040815,-42.76314483217385,0.05415289384232256,35.1080578242328,0.8308628751068562
ising,16,1,0.041775510204081635,-45.0906891135309,0.01381207814108545,15.023917457123758,0.19126885908779406
ising,16,1,0.06216326530612245,-44.929765470843755,0.0459957997211588,17.696287904590772,0.6294936728550036
ising,16,1,0.08255102040816327,-43.034419862516486,0.053696193002549665,17.158453346850973,0.6853552441359508
ising,16,1,0.10293877551020407,-43.174090946908095,0.04111602180213615,15.421312474922662,0.3334808609980651
ising,16,1,0.12332653061224493,-44.14058472411885,0.054400164825630856,16.988206764549492,0.5310011357480887
ising,16,1,0.1437142857142857,-43.41061981595915,0.02364980362411181,29.6749148411284,0.37868191485215263
ising,16,1,0.16410204081632654,-43.372704387198496,0.04081302365474308,15.348442399741357,0.4421026874988073
ising,16,1,0.18448979591836734,-43.5270111924591,0.02706923843739614,14.477722234450882,0.3334525841046275
ising,16,1,0.20487755102040814,-43.58768523699749,0.03299121412009582,28.189684346292328,0.24916241445485424
ising,16,1,0.22526530612244897,-40.756807630592654,0.03392420188190349,15.224178974078624,0.2943194832644023
ising,16,1,0.24565306122448985,-47.4548503226107,0.03704930230451551,7.701365837833606,0.4182482051718988
ising,16,1,0.26604081632653065,-43.768932300970825,0.028723290229858436,14.032923324258668,0.3010320110508705
ising,16,1,0.2864285714285714,-44.748692357486,0.03354649976241902,15.144787490890298,0.4225709722192125
ising,16,1,0.30681632653061225,-44.7169573742745,0.044167384941346366,15.507414918956323,0.4397219490730628
ising,16,1,0.3272040816326531,-45.65508871092453,0.050875490318663424,15.398363198128779,0.631395954440342
ising,16,1,0.3475918367346939,-42.21896444989088,0.03290618657555503,6.317030305845763,0.2651621095757952
ising,16,1,0.3679795918367347,-45.8954275276585,0.040791445251889664,13.447188510011575,0.4110808831545842
ising,16,1,0.3883673469387755,-43.936246627433675,0.051210267625309114,15.303461220364046,0.5545848778600786
ising,16,1,0.4087551020408163,-45.32776268366586,0.03550389529227918,17.305470762703713,0.3920299625905228
ising,16,1,0.4291428571428572,-45.09966009808497,0.05116773609753223,13.588953382698564,0.3159392774789681
ising,16,1,0.44953061224489793,-43.488275073973156,0.028667273609754795,9.771705368106891,0.16768531990127414
ising,16,1,0.4699183673469388,-45.31249572043669,0.03582419729668908,13.61484190630942,0.5029197764066686
ising,16,1,0.4903061224489797,-44.474504192846325,0.0365547315748296,12.673953328470384,0.3980943327329402
ising,16,1,0.5106938775510205,-45.3015126955549,0.04155109384778143,12.911429968365779,0.2906201470090957
ising,16,1,0.5310816326530613,-43.72597194341496,0.04088324516230613,9.6933987234565,0.23887946307468125
ising,16,1,0.551469387755102,-43.751335158245865,0.04111152697900276,22.0551377705619,0.3917791599527783
ising,16,1,0.5718571428571428,-45.52432891705825,0.04368833681414288,13.831265196308587,0.4692293220726144
ising,16,1,0.5922448979591837,-43.93252174632485,0.034384760646227044,9.61974923283803,0.24874389998628454
ising,16,1,0.6126326530612245,-45.71315264748753,0.040620114293973185,12.807225946007572,0.4603527653288755
ising,16,1,0.6330204081632653,-47.45526071451991,0.040779542308204096,9.99242168984958,0.4942677853158074
ising,16,1,0.6534081632653062,-46.67558207100338,0.038664429124094936,11.50966012662853,0.3783010291312357
ising,16,1,0.673795918367347,-43.33073494164504,0.045451725867707564,28.033678697382378,0.5651286463535021
ising,16,1,0.6941836734693878,-45.10847392071957,0.03477811763212249,11.439501025794268,0.295730962889556
ising,16,1,0.7145714285714286,-46.78824484320234,0.03924900670754965,11.82767218503746,0.3853780935030938
ising,16,1,0.7349591836734695,-45.265512393036296,0.03506792278779927,10.79724445485158,0.22176427565896972
ising,16,1,0.7553469387755103,-46.777707139902105,0.053119592541355384,12.956594769976954,0.5295179950171695
ising,16,1,0.775734693877551,-46.22056632545911,0.034465014460101334,11.356114312553293,0.3718382683383341
ising,16,1,0.7961224489795918,-44.53478616254858,0.049044371170332925,9.510334655942888,0.34220030444475513
ising,16,1,0.8165102040816327,-43.923336755507776,0.035885408657172845,5.151399556028377,0.23605269793342265
ising,16,1,0.8368979591836735,-43.275756568276904,0.030793714605648656,0.5325705795684625,0.25080069800441235
ising,16,1,0.8572857142857143,-45.62258641789274,0.04136714896089,10.136802894708335,0.2798170772489594
ising,16,1,0.8776734693877551,-47.205493048891135,0.04426485990134426,10.972820750579002,0.4275414977320767
ising,16,1,0.8980612244897959,-44.26651282475089,0.034660697950689025,4.82716755596858,0.27883515125357883
ising,16,1,0.9184489795918368,-47.402168433752244,0.03689363281004969,9.782747680435627,0.3290363458757134
ising,16,1,0.9388367346938776,-47.359286951010645,0.04159695457545765,10.953654693183545,0.4024317208361949
ising,16,1,0.9592244897959183,-47.42818999802403,0.03582436897629437,11.05713145532964,0.4008474691223635
ising,16,1,0.9796122448979592,-45.919359372891044,0.05348032084326235,9.945175598170193,0.4357473703020969
ising,16,1,1.0,-46.765948474498565,0.049550356274840834,10.98009914262367,0.5190755574161708
ising,18,1,2.0,-56.27659300921356,0.057986447813934625,3.4597674240807765,0.3746147112822932
ising,18,1,3.0,-60.48706856764146,0.13143444736805185,15.479812859949892,1.7893543558288865
ising,18,1,4.0,-67.54796763675729,0.3120484888729469,44.43712454349318,13.17688744332459
ising,18,1,5.0,-82.09201638138323,0.06247726611150211,2.4488112895084733,0.17212594550692747
ising,18,1,6.0,-102.64205783539393,0.03240484832216279,0.6478596513614547,0.033702628981179115
ising,18,1,7.0,-121.40502800027876,0.030406762293419036,0.6098554193595889,0.03333956826927563
ising,18,1,8.0,-140.17888732640944,0.029236740970177307,0.4754559244701504,0.026350671331669545
ising,18,1,9.0,-158.49758225257204,0.029368254869433542,0.5164362753777489,0.028482247563415688
ising,18,1,10.0,-176.988644276887,0.02945729592561627,0.4557617638474846,0.024330920881238324
ising,18,1,11.0,-195.3964378548375,0.025545325886744026,0.3668780922959421,0.022425356475104075
