iter,e,e_std,e_err95,e_var,e_var_std,e_var_err95
0,-85.24800687433216,0.3128129290037132,0.6131020747457628,49.29149433490983,2.862778912546183,5.61094356429126
1,-85.3794527541485,0.3033469980766181,0.5945491910485124,47.05709221783022,3.8373577937758423,7.521083071594731
2,-85.22467643161161,0.27796751364223365,0.5448063156109241,38.780924410115276,2.5813924131587935,5.059436159756174
3,-85.32665689212655,0.2453271605448362,0.4808323990973547,31.109138275676713,1.956109269091405,3.833903717244123
4,-86.05806556272364,0.19220158521001043,0.3767081847831268,19.41317560751851,1.2349417447227866,2.4204413426617193
5,-86.05359488061497,0.1532344240210784,0.300333952273053,12.24794410054134,0.7532078375961679,1.4762602345617832
6,-86.27364061807184,0.09911166579485686,0.19425529540568984,5.653695528925469,0.3930370458947437,0.770338454543714
7,-86.36855502532154,0.05923792569079839,0.11610420087282484,2.227496836522456,0.11671378706540443,0.22875481914746948
8,-86.46307889674358,0.07550794149892238,0.14799284588464523,3.3395637714633173,0.3211116497183382,0.6293672684641843
9,-86.09872458205123,0.11715707387515299,0.22962364532939833,8.431502003403414,0.7351334556979685,1.4408350969984896
10,-86.0109640666636,0.1621542385027418,0.3178164674058921,14.531277787313591,1.4534102191672316,2.8486316843302406
11,-85.76954449575629,0.19708682936130864,0.3862830873753562,18.791621603356937,1.7884065166417007,3.505212362334466
12,-85.61518593066995,0.23928396095442372,0.46898794554875906,29.164100809584173,2.344695017245821,4.59551778853233
13,-85.48566111376684,0.23009124279044443,0.45097054902733247,30.87102589097824,2.4476735688620415,4.797352040880221
14,-85.68256042377169,0.2638475738237053,0.5171317421027355,34.52119812456426,2.852918514380045,5.591617539012405
15,-85.43004731666556,0.24330049827462155,0.4768602140389078,32.59457530151355,2.9082784929600978,5.700121103214217
16,-85.52284133541687,0.22597591366046277,0.4429046521480398,28.34036526635656,2.407145697164896,4.7179188719837555
17,-85.73857950837746,0.22328213094481358,0.43762493504319094,25.79815441056668,1.9650026403427896,3.8513344045979805
18,-85.68413049703284,0.1963034257913019,0.3847476445927829,18.699953338464333,1.551191015450506,3.040278523425106
19,-86.02598451868064,0.160613442605246,0.3147965629392732,13.27267433327027,0.9381429890615188,1.8387264709093307
20,-86.04614399307334,0.11822694945127157,0.2317205629265298,7.546861385086061,0.4768476486649395,0.9346042174958906
21,-86.28198328214049,0.08974353525532106,0.17589409694572988,3.9979971723086107,0.2075677256194313,0.4068252665669772
22,-86.17184777640013,0.06302642891182546,0.12352953074135188,2.311840782071252,0.13427853288902392,0.263181088359364
23,-86.28614133375578,0.05584292449624498,0.1094501208040297,1.7562397072307454,0.12223634118288876,0.23957882632041216
24,-86.22859581113464,0.06458783005027176,0.12658982073812647,2.404090196071812,0.19111765719102153,0.37458372490407466
25,-86.20444965652192,0.08071216140071995,0.15819292945979502,3.1924938994682086,0.2804355355379033,0.5496435496394929
26,-85.93001299780613,0.09729846166994707,0.1907014806242472,4.861298700863163,0.3570169253627001,0.6997403155821167
27,-86.016242636853,0.11338195930738368,0.22222455673905797,5.940266724193466,0.43401742314322295,0.8506585180235979
28,-85.98979249529168,0.11764850207367342,0.23058682689948576,7.023473902054153,0.4095706797757048,0.802743781483969
29,-85.91150891561944,0.12624507718414102,0.2474358045063957,7.794182167036937,0.5159763781031296,1.0112951179555554
30,-85.9985445601537,0.1112313110339677,0.21800936357974943,5.918892146484584,0.425021123472104,0.8330260946740753
31,-86.08172217113355,0.1060647233297498,0.20788303775651484,5.952693977938493,0.36359181513918076,0.7126268627463395
32,-86.13675803832734,0.10536435629191339,0.20651034358639647,5.017042720488282,0.30952736850316626,0.6066624944956633
33,-86.30860434156088,0.07774763167895112,0.15238255797402955,3.372321435668294,0.21961637631252318,0.43044018798774086
34,-86.47442760439945,0.07176669233911304,0.14066013227422816,2.3702176591391635,0.1637633156519301,0.32097020066664755
35,-86.30971191451059,0.05569242945424542,0.10915515594185872,1.6610664414813816,0.10288551465182155,0.2016519032484383
36,-86.43933468297098,0.04384426161664223,0.08593317369737066,1.050053462324874,0.07414398173402247,0.14531953386907967
37,-86.50530653188807,0.04115992316003852,0.08067196700011155,0.7718788094576687,0.048110258167193734,0.09429437329462372
38,-86.57457494466587,0.035635155292940306,0.06984362095765488,0.6218737052790032,0.05451966113839736,0.10685657228058683
39,-86.54567915752875,0.03170034629985143,0.06213153704515637,0.5657379369627482,0.040880955882988,0.08012520118422732
40,-86.62443938783959,0.0420997381959143,0.0825139706225573,0.9164300394348616,0.09154216376854252,0.17941934405321075
41,-86.68620933170064,0.050081524813279814,0.09815798492487748,1.348730940513239,0.13339783645930897,0.2614549550758097
42,-86.63910086581302,0.049683691200846127,0.097378245372668,1.3098940697744763,0.1220679815712725,0.23924884754519313
43,-86.61535767867773,0.04693202241048525,0.09198507364617778,1.212377823201595,0.09639027317381539,0.1889214638806555
44,-86.66549711191502,0.050978476252300224,0.09991597744123887,1.4720670556854265,0.11968610707995904,0.2345804593265241
45,-86.74001719487563,0.05478926105192477,0.10738497840133567,1.590340772212652,0.12575678993263736,0.2464787790793385
46,-86.73572170322748,0.05282827478218833,0.10354151593847469,1.434342737530773,0.11870368656043181,0.2326549504905776
47,-86.78636140659428,0.050399329180440336,0.09878087003864165,1.2789489361592696,0.1149422552039114,0.22528268050147793
48,-86.77482431383376,0.04468909302172094,0.08758901282433329,1.004158173214079,0.06557828390476643,0.1285310746212849
49,-86.7729464813376,0.0341814523293702,0.06699441550483833,0.722630552300398,0.05019934257282019,0.09838890349031583
50,-86.7804405407846,0.03219512315741822,0.06310128186637119,0.5243067900699759,0.027834284549888066,0.05455419525322028
51,-86.84062022492455,0.030185712387944694,0.05916290912805615,0.5009868843227878,0.02748880344921846,0.0538770647385686
52,-86.82960442366118,0.02685051223013192,0.05262603693751081,0.3946775383074217,0.020068288635794965,0.03933312295751259
53,-86.84638545177083,0.024921998845710423,0.04884622016034123,0.3408596993797837,0.01851820767784472,0.03629502010680876
54,-86.86643079964705,0.02462026062168725,0.04825482410849673,0.3375804228035991,0.02173075809991459,0.042591503232584656
55,-86.9203744996149,0.023144918202543514,0.04536320610211081,0.2989528291078064,0.01909271436009799,0.03742103251290276
56,-86.94866056810487,0.02378959973361112,0.04662675868450146,0.3133845450867429,0.01772049517211575,0.03473153232556278
57,-86.93914939528719,0.02444090256370098,0.04790328877450659,0.345565034785438,0.019121275162360805,0.03747701065670745
58,-86.94014533464238,0.02608435039717975,0.05112438733859537,0.3512111447372712,0.018773389438447374,0.03679516716710148
59,-86.93608959411365,0.024674766408908297,0.048361653488398985,0.326256339462013,0.017992284889992757,0.035264230383970016
60,-86.96846267730965,0.022389978790937622,0.043883552044853405,0.3005880877070842,0.015794638948138505,0.030956923487165073
61,-86.96708366326138,0.02300448964821413,0.0450879711932242,0.27653108047636943,0.016261111766688832,0.0318711934112906
62,-86.97341846576282,0.021269082217805237,0.04168663513111956,0.2287526004706542,0.013645242682961698,0.026744184218913628
63,-87.04392957428087,0.023015734707875365,0.045110011105164216,0.27925136782920074,0.01779787212317764,0.0348831883628776
64,-87.01814900779871,0.020381930611275457,0.039947849933494345,0.21754106212895963,0.015966636976106275,0.031294033427393814
65,-87.03693437499604,0.01822848253658531,0.03572716926452454,0.18902817556083223,0.014489474010316286,0.028398847215149067
66,-87.07584249194828,0.01896808335660474,0.03717676023469891,0.18170783901499682,0.013319890504078637,0.026106505666011196
67,-87.07496131127893,0.01692541304223199,0.03317319998623921,0.15298079359042838,0.010292365267730164,0.02017266524048207
68,-87.0359088843035,0.016649421012842495,0.03263226554861568,0.15872891426573799,0.011263173448735717,0.0220754143111498
69,-87.10558930957671,0.0187877362327437,0.036823286367215886,0.1963659442045521,0.015120152378775686,0.02963495410315797
70,-87.10062004003083,0.016498092445684724,0.0323356670071544,0.14837908439386194,0.010424755879739568,0.02043214607191172
71,-87.1103224308961,0.01562712195558254,0.030628596214956918,0.14389418667825987,0.011965816645889981,0.023452569671554232
72,-87.11170770184395,0.017274242978996126,0.0338568940990263,0.15355194318848436,0.010616601368427613,0.020808156320336776
73,-87.1619850341281,0.018204473649846675,0.03568011271120791,0.19415537994345078,0.015089565932432917,0.029575005769911074
74,-87.13768379943593,0.018229820976659036,0.03572979255886451,0.19805684541409554,0.024288073394102903,0.0476037491063072
75,-87.13620626384716,0.017640493815051422,0.034574732547002364,0.1530496217141056,0.012834545627076867,0.025155247187006704
76,-87.1563293805751,0.018073929622651207,0.03542425111950798,0.1589757555089154,0.01296223196864789,0.02540550781780359
77,-87.15847622650209,0.017274429461619178,0.03385725959825123,0.16126718390029887,0.015590115684986382,0.030556065257386304
78,-87.13783472085403,0.01659758736239701,0.032530673460555284,0.150099448172283,0.010236163534499942,0.02006251186748211
79,-87.1692278533366,0.01581543076701179,0.03099767470332979,0.1414122872062281,0.009892819604885772,0.01938957013112788
80,-87.16099129142292,0.016237033016419992,0.03182399992797094,0.14391064668930809,0.010175493602372066,0.019943600985566984
81,-87.1534590899299,0.0163175377277091,0.03198178626268339,0.14350200332858148,0.010174479677360834,0.019941613729061943
82,-87.13956695327082,0.016522585757896398,0.03238367301695137,0.1383989340302587,0.009658815377387392,0.018930930273000936
83,-87.15497213538472,0.016366787547989592,0.03207831413667822,0.13514705136676736,0.008551976710271492,0.016761566348757456
84,-87.18839706971565,0.013075154967361186,0.02562683282830791,0.10809201627925993,0.006842276676617831,0.013410615858429363
85,-87.18353308017639,0.014612588576975142,0.028640147331772677,0.11331766560838337,0.0075709760363681135,0.014838840359097313
86,-87.16227066254287,0.013553296163057036,0.026563972351396695,0.10784193120601027,0.00618836578161616,0.012128974055127735
87,-87.16206730087197,0.014389160611298194,0.02820223656590681,0.11275146789392976,0.007475600077525937,0.014651906914775673
88,-87.18002135937883,0.01523099709576949,0.02985220575634236,0.12553076933673302,0.007607426256773365,0.014910281478320154
89,-87.18449328745658,0.014222238512268325,0.027875075263584435,0.11145835741226762,0.0069220936804715765,0.013567054311336599
90,-87.1648922139363,0.013862195408052438,0.027169403746439297,0.10807297531353208,0.006203170342778902,0.01215799046181363
91,-87.15216052967244,0.012519889023986088,0.02453853157745106,0.09989400571752648,0.007096163505231142,0.013908224898660546
92,-87.1682658108163,0.01375231571408425,0.026954043503629364,0.10172597717150636,0.006982899751877644,0.013686232021333863
93,-87.19221503654812,0.013120463440564228,0.025715635803980372,0.1016399949128586,0.0060967403878337744,0.01194939158324496
94,-87.17847416803355,0.014612592016744039,0.028640154073595832,0.11292707808928194,0.006718384129100914,0.013167790927343288
95,-87.16473558664086,0.013134370373385012,0.025742892891444526,0.10324852324032172,0.006517712892781511,0.012774482531424132
96,-87.20172255502199,0.012873989165713445,0.02523255510215721,0.09777543982800449,0.005990831749915845,0.011741814467274124
97,-87.16917927016009,0.012953976862352747,0.02538932810677656,0.09547776565281821,0.005765666443687191,0.01130049857649803
98,-87.17861913965459,0.01423266841443447,0.027895517496192356,0.09625983618051334,0.0055703507197650045,0.010917686791996176
99,-87.17905668524952,0.01342200221295957,0.026306640937817663,0.09408227321755053,0.005870582198171382,0.01150612967669789
100,-87.17565140200126,0.013341717296820868,0.026149285393683986,0.10736801694117248,0.006479263042391729,0.012699122209449206
101,-87.16958872032183,0.012599286441558305,0.024694147656358096,0.09837607528790607,0.006221123630334677,0.01219317825882704
102,-87.17538223936737,0.013985566686141038,0.027411207008219626,0.10431034799849014,0.006616390294776551,0.012967886685422392
103,-87.16006404320218,0.014087613877966315,0.02761121582892062,0.09886372832866563,0.006360393406465531,0.01246614200417847
104,-87.18952905200034,0.013882503465527081,0.027209206807685567,0.0940043514025165,0.005229386817466474,0.010249409823462821
105,-87.14892131005324,0.01332741016642997,0.02612124393339571,0.0996759261210218,0.007178264368420779,0.014069139633611885
106,-87.15635125337447,0.013337821504141149,0.026141649780340503,0.09798026353900402,0.006848437498001076,0.013422690846455707
107,-87.16954742980909,0.012372010411645167,0.024248694823179096,0.08759811465132533,0.006311739514092717,0.012370782127420068
108,-87.16637870669089,0.011941207047176397,0.023404335744401625,0.09320308937865755,0.0068162530924878745,0.013359610570786001
109,-87.16927845949417,0.013389733381961774,0.02624339519123877,0.09661598825720913,0.006406678338960619,0.01255685880489571
110,-87.160386106565,0.013517174454636644,0.02649317510383267,0.09203941239642631,0.005387259975793232,0.010558835527908858
111,-87.1546561805221,0.012908897605057985,0.02530097438602901,0.0850689607694384,0.005296077122669173,0.010380120419778097
112,-87.14548899195489,0.012660174625548004,0.024813486304061952,0.08930479021330606,0.005475007644264536,0.010730817797839975
113,-87.16456397692497,0.011209220603626708,0.021969668677872672,0.08290507320069607,0.006408980579663396,0.012561371113756895
114,-87.16264494576177,0.013326917494023201,0.026120278313222264,0.08516075268963151,0.005674918948953987,0.01112263675513371
115,-87.15588141326764,0.013288566378273572,0.026045111507586066,0.09698042022967004,0.006042055817451485,0.011842211794785626
116,-87.1705606148223,0.012366180870696353,0.024237269132873017,0.0816108098036546,0.0047566909088552515,0.00932294286694539
117,-87.15713440497834,0.012983450120229249,0.025447094630721562,0.08614114643563128,0.00551900338536326,0.010817047865866623
118,-87.16633058055199,0.011009270965874457,0.02157777458915643,0.07049902489797918,0.004454314149262973,0.008730295308382596
119,-87.16561619179237,0.01153189031591592,0.02260208969286143,0.0839312328584137,0.005411252161432086,0.010605859347671411
120,-87.14592027571452,0.012061106487482593,0.023639334329168277,0.07940863270589947,0.005643249617833021,0.011060566006722146
121,-87.18658032804653,0.011521135540320322,0.022581010720032244,0.08013366963199128,0.005574596612113432,0.01092600858808133
122,-87.15870613366096,0.011789118664827219,0.023106247992530277,0.08298489883853494,0.00563475537176682,0.011043917590356571
123,-87.16548495534354,0.012048028532493864,0.023613702008398935,0.08472609744641399,0.004796988219162053,0.009401924143820557
124,-87.15198097290573,0.012128517178945444,0.02377145685660841,0.07507672851575031,0.005141981891019667,0.010078099315555708
125,-87.17080357829252,0.012283803181088682,0.024075811828112362,0.08209045146902369,0.005832117491374348,0.01143074023669981
126,-87.14540478255512,0.011970016884922092,0.023460801988783628,0.08255267860419274,0.005128650871881255,0.010051970998167207
127,-87.17206365248856,0.013148084446158193,0.02576977198016132,0.08397887424507715,0.0060598090234366495,0.01187700743912667
128,-87.17894968437346,0.012425640037440478,0.024353806958242265,0.0855306452689614,0.006251883236284111,0.012253465978666575
129,-87.16137641280488,0.013765520607398093,0.026979924618944193,0.09482219557704727,0.0065153302666335474,0.0127698126699855
130,-87.16577658346768,0.013115958675337379,0.02570680662637694,0.09346773374171641,0.005856434533589131,0.011478400763651326
131,-87.17218780702771,0.012309812171651889,0.02412678851289049,0.08920339890659373,0.0074104007914037205,0.014524118662158405
132,-87.17409162232683,0.01238668910352586,0.024277464530605416,0.08255339384689858,0.006293965717318437,0.012335946125873942
133,-87.14928346823046,0.01261516865322638,0.024725276219222363,0.08450966072414685,0.006032948570806558,0.011824361919363246
134,-87.1781839322572,0.012563143177647213,0.02462330816080863,0.08239740676892038,0.005937509253549564,0.011637304294830446
135,-87.18420229978148,0.012772442261042306,0.025033526826260255,0.08533252878213451,0.0064769771060350775,0.012694641856519218
136,-87.1534317392201,0.012189561218630539,0.02389110097586203,0.07818945969032373,0.005703103388256146,0.011177877241090399
137,-87.17651926292604,0.01252230550104453,0.024543267785455073,0.08351430562866259,0.0058146273425914675,0.011396460175001118
138,-87.15211882391213,0.012711664746445446,0.024914405086580552,0.08185972233754304,0.0058011048882289085,0.011369956651467917
139,-87.17858208419565,0.012918110393684495,0.025319031119934148,0.08651887186197327,0.006351852948419031,0.012449403013995854
140,-87.16480447629576,0.012473400954245784,0.02444741663504928,0.08025037822660039,0.005302153541693107,0.010392029982219981
141,-87.18491145724325,0.01217521901650098,0.0238629907762291,0.08082024764089607,0.005950721880520345,0.011663200567834339
142,-87.16860201454882,0.011761664599084449,0.023052439012445254,0.07867497080959476,0.005976717708866322,0.011714151455140738
143,-87.1572885936486,0.012377171227354891,0.024258809836101004,0.07511127300039858,0.004509941116426131,0.008839322160591578
144,-87.15694795838479,0.012546713367355166,0.024591106324363392,0.08526059151614673,0.00547737609173517,0.010735459869581692
145,-87.1787849773053,0.011029697533181785,0.021617809925406576,0.07547184250874801,0.005572482429274138,0.01092186486585958
146,-87.20247029150022,0.011980981481487744,0.02348229220315732,0.0814800239237076,0.006001724365858233,0.011763163602218633
147,-87.18704154660685,0.011961834416282725,0.02344476464494584,0.07975689858666746,0.005134538374442503,0.010063510291146141
148,-87.1887586309956,0.012453810557574245,0.024409020163130207,0.07937068067532829,0.005441553290320868,0.01066524846898433
149,-87.18285796863765,0.012265146986728407,0.024039246359077646,0.07948534712610335,0.007267993809870848,0.014245006107206915
150,-87.1799465244394,0.012097473080324581,0.023710611541379007,0.08181398155544634,0.0055938053286200195,0.01096365698062348
151,-87.1907686174044,0.010567617095292017,0.020712148909182132,0.07108728685608023,0.005072809870738532,0.00994252464706681
152,-87.20193634483783,0.010788791145965706,0.0211456420828174,0.08037726230369246,0.006220890354715177,0.012192721047014349
153,-87.17336580261887,0.011267356334588332,0.022083612616772365,0.07512928214735413,0.005185995031602859,0.010164363485945262
154,-87.17346396912612,0.011799322241435626,0.02312624663519625,0.07042361925760238,0.005119068086674155,0.010033189084289707
155,-87.18710017810892,0.011388888896515393,0.02232181206109829,0.0764105226332992,0.005518947584659749,0.010816938498497429
156,-87.20883677153277,0.01088175567977531,0.021327849220923782,0.06559664760388369,0.004331653636961058,0.008489885121945612
157,-87.18860466133461,0.011363301221562011,0.022271661139741543,0.07091605618628444,0.005075894292164497,0.009948570001974844
158,-87.18769320186335,0.011862747004533035,0.023250556886595157,0.07652399400522493,0.005454641812089757,0.010690901500262221
159,-87.18568624260243,0.011530015033199515,0.022598414206276445,0.07643785088330343,0.0048098886379899985,0.009427208500108811
160,-87.1900118573135,0.011541100594459215,0.02262014150709387,0.07596994173016919,0.005603875736022479,0.010983394616441947
161,-87.18320182260577,0.011902920730138272,0.023329295941906216,0.07411184138447349,0.005720127920733546,0.011211244711599736
162,-87.19633102732251,0.010860452994746375,0.02128609672549307,0.0701879916964035,0.004933332583371263,0.009669154187165619
163,-87.16753673637905,0.011272787410499266,0.0220942573299551,0.06718626080978501,0.004636797008036497,0.009087955139374613
164,-87.19317703611242,0.011264906850002499,0.022078811715203445,0.06980869547360694,0.005103421255651734,0.010002521859013578
165,-87.20563692492892,0.011759277486619755,0.023047760357987408,0.07871365320180343,0.005946652130601494,0.011655224004567307
166,-87.19633725158022,0.011333734090332783,0.022213710627406087,0.06702655858508035,0.005502956114438627,0.010785595792804185
167,-87.19048006429152,0.010868070662659721,0.02130102708024941,0.06612529411142945,0.004479157140957281,0.008778986677371668
168,-87.20575613454767,0.011163165758244562,0.021879402839610106,0.06950711460213424,0.004876031805938744,0.009556846727111736
169,-87.20286697571242,0.012191989748539713,0.023895860807019387,0.0756310306709608,0.0058072214342218135,0.011381944861323793
170,-87.18618728744535,0.01092944694877963,0.02142132239054926,0.07048132614663224,0.005141473322972742,0.010077102540500048
171,-87.1710389723823,0.009467235291965475,0.018555440205418876,0.06152513152690535,0.004360260305479593,0.008545953161959618
172,-87.18424686802447,0.012618034657781938,0.024730893484930787,0.07660145752877662,0.005654753191118187,0.011083112596054587
173,-87.19536401147096,0.011679858031360502,0.02289210108600748,0.06890626531958507,0.0047633767802708026,0.009336046934125136
174,-87.19812264520743,0.010939639166996295,0.021441298771176495,0.06386400945711167,0.0041292597127893455,0.008093200319879324
175,-87.20787692288286,0.0110961061872583,0.021747968495658326,0.06850655547482701,0.004699807191686272,0.009211452829987428
176,-87.19274489693531,0.010547399253707915,0.020672522667832156,0.06536764215270097,0.004983327151838898,0.009767141740784807
177,-87.18880495744926,0.01166327613247996,0.022859601161406333,0.07100462092194819,0.005776013447958533,0.011320778332217743
178,-87.18994661463823,0.010037305320525504,0.01967275693006225,0.06266150644935475,0.0039693212837552715,0.007779726759228624
179,-87.20172348427705,0.011138627173596542,0.0218313080974684,0.07284411190481957,0.005452539036153865,0.010686780135160315
180,-87.20823443278312,0.011347561080388301,0.022240811029929496,0.07162514421343533,0.0052370111774286444,0.010264353294393846
181,-87.19907296897728,0.010288536278735811,0.02016516055995594,0.0582439923827678,0.004161999536426514,0.008157369195068369
182,-87.18333586647898,0.010600634393442925,0.020776861624424735,0.06296320370848932,0.003967716813175558,0.007776582054678132
183,-87.20066622343916,0.01096761709764552,0.02149613450761094,0.06060166959584429,0.005518461815027968,0.010815986407514355
184,-87.20614541887208,0.009838473969646986,0.01928305464334291,0.05555893919487709,0.004663240114696597,0.00913978267606776
185,-87.18799887229757,0.011037613566282564,0.02163332506518453,0.0654250014232797,0.004773897692661047,0.009356667543494516
186,-87.19719667464015,0.011057214771114689,0.021671742720709087,0.06742162931611696,0.00538834319837342,0.010560958605153268
187,-87.18035227389859,0.01187027455574317,0.023265310615858806,0.07099534672277345,0.005377025023048967,0.010538775389146628
188,-87.19245095730177,0.010088442928771132,0.0197729848004792,0.059240777286740494,0.0042870793359484835,0.008402521097324919
189,-87.19815765243322,0.0100681347600145,0.01973318152112424,0.05851304992793146,0.0041320321791910135,0.008098634254174942
190,-87.17398121196433,0.011208833110468318,0.021968909205237974,0.07052957416167215,0.005294002796268078,0.010376054814739771
191,-87.19211173483063,0.010246013437660378,0.020081817322927773,0.061437806780409415,0.004177751674691457,0.008188242818747152
192,-87.18938586205998,0.01091827698505844,0.02139942966394711,0.06323785141384217,0.0040968091192510004,0.00802959832526722
193,-87.19196014421352,0.01068922421838723,0.020950494490712283,0.06671534304263325,0.004947623025148566,0.0096971629383723
194,-87.20204560312058,0.010885580511717967,0.02133534575377831,0.06361254411396958,0.0047839899179066715,0.009376447941499806
195,-87.19447453043487,0.010081806056758649,0.019759976770364732,0.05800227849613715,0.003956197535096309,0.007754004684514902
196,-87.17750114517003,0.010364721926869689,0.020314481686437184,0.06250853908776415,0.004010042442900126,0.007859538764561264
197,-87.19676949647167,0.010974156687232575,0.02150895186767524,0.061182695794323165,0.004114116943842743,0.008063521038117772
198,-87.20439831401143,0.011087486402322004,0.021731074027628704,0.06452712347487302,0.005059562563935751,0.009916560402841206
199,-87.1887096839528,0.010021287231886548,0.01964136205322873,0.062469540899356885,0.004138011742703161,0.00811035398330202
200,-87.19435711236974,0.010388439045993802,0.02036096638573749,0.05929691548367184,0.004410193392420483,0.008643820214000668
201,-87.20194468534805,0.010422123385700983,0.02042698647840658,0.06076632901641489,0.004311546363740958,0.00845047559060691
202,-87.20860489047905,0.010499195313407402,0.020578044680930233,0.06379961874431991,0.004844779425994362,0.009495593187989586
203,-87.21112735284058,0.010148992734381088,0.019891660238745616,0.05912875284427657,0.004473822700528029,0.008768531366252661
204,-87.21631199054627,0.0101633834382951,0.01991986550012926,0.05858903359127584,0.004876107863136933,0.009556995796480951
205,-87.21031067814673,0.010458379854385911,0.02049804785123564,0.05890254863371074,0.0036890379771557028,0.0072303815728256724
206,-87.21403593505545,0.010049115441515395,0.019695904341855495,0.06157781430301146,0.00548113536064808,0.010742827901259197
207,-87.19803656468173,0.010260059752858815,0.020109347594832207,0.05902156036448917,0.004372091732870192,0.008569142333530892
208,-87.20926526858449,0.009894177194303388,0.0193922309574922,0.05586165144475364,0.00406999869046058,0.00797705085042792
209,-87.21167387266043,0.009113191011561508,0.0178615261668947,0.04742789802500695,0.002834242655988596,0.005555013529184795
210,-87.2116984664303,0.010059474764061738,0.019716208240950564,0.057659974960406646,0.0036828294425963067,0.007218213068692483
211,-87.20026145107765,0.010647332976808978,0.02086838916595124,0.05993303699718998,0.004196758802243159,0.008225496104198047
212,-87.20778857017919,0.009905478393601846,0.019414380901099287,0.05239113247779847,0.004612392766513109,0.009040123704918756
213,-87.23365719673211,0.010592274659182586,0.020760476846354143,0.06492537713509945,0.004866387471329224,0.009537944178622223
214,-87.20940520713259,0.009344878383746714,0.01831562507205043,0.05215098691453297,0.003935965408410032,0.0077143504448791474
215,-87.22922024606598,0.010065496982714292,0.019728011572616597,0.05843352168108773,0.003662752356657122,0.007178862703337166
216,-87.21758349936627,0.00935265255082605,0.018330862159535725,0.05762726827523578,0.0043519881521045115,0.008529740039269864
217,-87.22278247583584,0.009722313229347128,0.019055383775937677,0.05578574837048649,0.003512025567336647,0.006883443624763679
218,-87.21795480754766,0.009892916074448385,0.019389759207996207,0.05327521823340881,0.0038629376502269087,0.007571218668968526
219,-87.22769469634667,0.00889360617704532,0.017431147799691783,0.05073892555635101,0.003557896703028163,0.006973349398649
220,-87.22432609488371,0.010334898994885908,0.020256029813835584,0.05797873581687765,0.0032795009165149584,0.006427703683635417
221,-87.22481825143291,0.010685036543223095,0.020942286798211623,0.057286838282425756,0.004445157298886113,0.00871234821143213
222,-87.22114355279018,0.009807531875374876,0.01922240925296333,0.0589188474422014,0.003927011584061406,0.007696801271631943
223,-87.21371674476623,0.009295967242447013,0.018219760996660266,0.05285828287419231,0.004322876568795569,0.0084726823844514
224,-87.23593824865524,0.010532208583163621,0.020642749500664328,0.060793776858162125,0.00438006190809135,0.008584763589914834
225,-87.21858708031485,0.009509215609887461,0.01863772011660551,0.052447303658816724,0.0031855478587329102,0.006243559074145192
226,-87.2257445172448,0.009108598587822623,0.017852525181764736,0.05294434265446547,0.0035146675723967346,0.0068886218595284225
227,-87.23374464483834,0.009830885899784538,0.019268182299700336,0.056347842381090016,0.004418898361777223,0.008660881640426403
228,-87.22401946183953,0.009217567347252608,0.018066100025687516,0.0492095801305424,0.003755438711449201,0.007360524620587942
229,-87.22011095274425,0.009464538685810061,0.018550154954473774,0.05109666730753665,0.00433807188604269,0.008502464658989418
230,-87.2202966077983,0.00970159176258628,0.01901477044737957,0.0532174358134328,0.0038807645531567987,0.007606158756667002
231,-87.23369325151764,0.009441688909363135,0.018505370215583006,0.05402991826937135,0.0044704061054805875,0.008761834963009918
232,-87.23465062297606,0.0101236613946563,0.019842011725204882,0.05641395783026966,0.004060111727879822,0.00795767275985314
233,-87.23306286027162,0.01005345968364984,0.019704418899979134,0.05451292925032808,0.004232634430314845,0.008295811043141307
234,-87.22580170715854,0.009645405782759657,0.018904647950483296,0.04726301924819322,0.0038543526780909255,0.007554392432773719
235,-87.22297168079342,0.009299607132698035,0.01822689505045995,0.05193240049006039,0.0037270364522216533,0.007304857215422378
236,-87.23302412183428,0.009513227455522718,0.018645583189562144,0.05884587268178467,0.004351709013235998,0.008529192937140892
237,-87.2190041656334,0.00955236358085712,0.01872228858571202,0.04918943128118845,0.0032375600834664694,0.006345501161378771
238,-87.22895067397404,0.008946302070908189,0.017534429853796153,0.04589518559251679,0.0030200533804722804,0.005919195857114111
239,-87.22119630995434,0.010193858613215229,0.01997959574539527,0.05344660674148402,0.0038796432498436387,0.007603961042557463
240,-87.21035625916187,0.009685146845084416,0.018982539001347186,0.05125562047682669,0.0035871701129364508,0.007030724227773922
241,-87.22201892358345,0.009418561393430292,0.01846004111730276,0.04679226066865997,0.002945497223480723,0.005773068474584944
242,-87.21502349029112,0.009055741831474815,0.017748927842983424,0.0480187167891919,0.0035732715783391746,0.007003483600525376
243,-87.22071811744355,0.008567523180841053,0.016792036871160508,0.044315625401189135,0.0023895522557199574,0.004683436360387562
244,-87.2323502753649,0.009411020775033833,0.01844526177682454,0.05111275904388593,0.0034612555196018835,0.006783936159710163
245,-87.24388093354398,0.009065612744752842,0.017768274477502875,0.04840034312952146,0.0032051212210777906,0.00628192215939751
246,-87.23150982990884,0.01000614030059588,0.019611674613422714,0.05361731782343759,0.003581572416393602,0.007019752944153555
247,-87.22961506414902,0.008929649286424635,0.01750179099596608,0.05279520832606104,0.003908601686663217,0.007660718535772415
248,-87.22160309955433,0.008895149971352016,0.017434173580932445,0.04497568593178129,0.003315940209632913,0.006499123385768706
249,-87.2354501686574,0.009135325791473985,0.017904909538328875,0.04783628212472896,0.003935658774011628,0.007713749452501854
250,-87.22690189514864,0.009356069751263893,0.01833755974932185,0.04919201927874983,0.0033703472469157514,0.0066057592193485976
251,-87.22902868732601,0.009637317005303434,0.01888879423799014,0.0476714998370798,0.0032048675862587556,0.006281425044286976
252,-87.23539982778111,0.009262809167767694,0.018154772364492113,0.04989605429928118,0.0048738859498750325,0.009552640926510855
253,-87.2071786790184,0.009035220326200043,0.01770870643173632,0.04637461649369728,0.003450147309431589,0.006762164467843684
254,-87.23123736779742,0.009345922205282726,0.018317670924667302,0.04902528455419422,0.004630162518103264,0.009074951778049683
255,-87.21788949813383,0.008401338186281486,0.016466320267052772,0.043904361870614056,0.0024806211395943314,0.004861928092893595
256,-87.23596104070882,0.009589938543099051,0.018795934158426657,0.050356326223645984,0.003510452582491572,0.006880360631119104
257,-87.21755312731588,0.009722347323382893,0.019055450599019863,0.047390151145889084,0.003833675084766978,0.0075138650945718154
258,-87.22023852989454,0.008763525030423913,0.017176193437246152,0.04828663821817274,0.005052525393700937,0.009902767802627893
259,-87.23197740709873,0.008525942556314134,0.016710540344633065,0.0455373705637164,0.00317567930655504,0.0062242170672970115
260,-87.23021652520737,0.008656778093566764,0.016966973285546166,0.045246215600714956,0.002904345312599492,0.0056924122113627285
261,-87.22363821264815,0.009024672933908939,0.017688033922714945,0.046400203191901995,0.003657610471082964,0.00716878479279919
262,-87.22414837726328,0.009419388054568323,0.01846166134336072,0.04825456397434853,0.003354201642494442,0.006574114416174201
263,-87.23292049277313,0.00915556750218656,0.017944582562311,0.0506576323610023,0.004536907119177563,0.008892174554791394
264,-87.23317691140338,0.00879942775344977,0.01724656148132375,0.04757218855456016,0.0043504679830751345,0.008526760562721874
265,-87.2413022981684,0.008855790344053453,0.01735703012898234,0.04588217065333691,0.003075913755131573,0.006028680179609238
266,-87.23438476762388,0.00872784015659621,0.017106252369751,0.04566207504877578,0.0027855934301771993,0.0054596627987187
267,-87.23942331528328,0.008507884632729187,0.01667514746477099,0.04532524721453466,0.0026007279665102865,0.005097333147946253
268,-87.24394595649345,0.009072221382918114,0.017781227170293665,0.04646180751315187,0.0031325293665406292,0.006139644738933703
269,-87.21951007136524,0.008307919184483545,0.016283222388057125,0.04332031987474229,0.0026247794500148577,0.005144473189389972
270,-87.23301281035931,0.008755337286380031,0.01716014575380551,0.04665841049268342,0.00436457169869054,0.008554403337376263
271,-87.23894941243796,0.008830551195945726,0.017307562307690726,0.04766867301428464,0.002990918218787915,0.005862091989529003
272,-87.24352707151084,0.00879802120835562,0.017243804703596582,0.04778181745900064,0.00304258126814096,0.005963349705592486
273,-87.23821965395959,0.008726168661472081,0.01710297629950737,0.04404508245622023,0.003053729966775591,0.005985200753390854
274,-87.24527772041462,0.009242841951293379,0.01811563733933094,0.04649870707433669,0.0036569559940670695,0.007167502041419328
275,-87.25240387970815,0.008292041408936473,0.016252102519830253,0.04259501346387346,0.0024070112020607775,0.004717655266423587
276,-87.24725730530504,0.008851366040966948,0.017348358654276103,0.046948807548062924,0.0031883944400367733,0.006249138270979828
277,-87.2371694690818,0.008386458977648044,0.016437157554012767,0.04666000072507678,0.0029930584741939977,0.005866286813042642
278,-87.25002731795722,0.00857462690925298,0.01680595992300384,0.043329969317638856,0.003123069895401015,0.0061211045161872635
279,-87.2339768555455,0.00844849733384662,0.016558750497822045,0.04513580456889601,0.0027088706294013452,0.005309288872404985
280,-87.24345397895819,0.008818814901376554,0.017284559593023194,0.044104652375958474,0.0031978429811918827,0.006267657071350288
281,-87.25878159102365,0.008135011667481734,0.015944329882077328,0.044953366396230765,0.003147590905251947,0.006169164812359642
282,-87.23418629540328,0.008939810476409961,0.017521706562377386,0.04231045287142149,0.0026887853696825597,0.005269922486736032
283,-87.23101838312454,0.008990154412475963,0.017620378863906737,0.0460889597815788,0.0027962153615976627,0.005480481401749063
284,-87.24384572984417,0.008585919741839886,0.016828093468157616,0.04007416764777895,0.0027203672107720075,0.005331821757836817
285,-87.25145715452229,0.008414192358305195,0.016491513981270325,0.04798658387811105,0.003963685226676393,0.00776868029033921
286,-87.25046864627761,0.009321474763018108,0.018269754818314526,0.05086895099198124,0.004667899819050312,0.009148915528779646
287,-87.26200597274924,0.008779166099185862,0.017206849368699286,0.045105011069307636,0.0033121645468115832,0.006491723222621133
288,-87.24502391443843,0.007597251676362472,0.014890339667156997,0.036969666299770707,0.0023221996355855022,0.004551427650659623
289,-87.25177697022579,0.00852844603710892,0.016715447076826834,0.04370002474379706,0.002725254930217302,0.00534140151191613
290,-87.25738393769763,0.008295122718024376,0.01625814177466778,0.040564994195391335,0.003161418275812889,0.006196265960659977
291,-87.24630413067351,0.007857450971642404,0.015400320914708365,0.042429333500287526,0.0035654892733623274,0.006988230563054049
292,-87.23942415133598,0.007879764210912509,0.015444054060056195,0.03903931209554299,0.002477020286089202,0.004854870549709937
293,-87.26320509143432,0.008121680644768333,0.015918201557681977,0.04290919570026713,0.004312799862750834,0.008452932403520923
294,-87.25359994247927,0.008512174579777038,0.016683555606480365,0.04491546810019206,0.0026702062715780297,0.005233508123585917
295,-87.24357072037719,0.00846227557533594,0.016585755354911406,0.04398724220490189,0.0031036931660012217,0.00608312682442549
296,-87.25567652306215,0.007434791212134889,0.014571923008359276,0.03952594496658629,0.0030291691462125806,0.005937062429656603
297,-87.24295122247642,0.008958954048977166,0.017559227275144536,0.04405451719293918,0.002461940795372916,0.00482531529100081
298,-87.24604000811101,0.00798039251132652,0.015641281904693136,0.040844432575753854,0.0027844952155800097,0.005457510337660913
299,-87.25122888295724,0.008578882011023737,0.016814299769225074,0.04397434945660412,0.003955430473417462,0.007752501271250441
300,-87.25567946440063,0.008226797400689564,0.01612422661345928,0.03976649771468223,0.0026939372960788277,0.005280020076923718
301,-87.23627977957348,0.008261619176043948,0.016192476039031616,0.04075231708622547,0.0022463338417445084,0.004402733427072734
302,-87.23237895808506,0.008265378501811568,0.016199844182142303,0.04459929478586422,0.003929089942135023,0.00770087477860321
303,-87.24489916258267,0.007519349140767276,0.014737653503086062,0.03759079556667354,0.0025405486946566947,0.004979383942497369
304,-87.24441029991115,0.008445305622568693,0.01655249485866826,0.044805019027788766,0.003055994137996801,0.005989638447439258
305,-87.24918939752541,0.008009154692835826,0.01569765474456818,0.03990991825324293,0.0021817702800716343,0.00427619117148027
306,-87.24534503470068,0.008464333240242617,0.016589788304020747,0.03991834450257517,0.002843707447145176,0.005573564178972884
307,-87.25038388752269,0.007230286565385148,0.014171101266058698,0.03635148165258653,0.002138290134488502,0.004190971652094772
308,-87.25196505354529,0.008508329522258535,0.016676019432225613,0.04106520151869607,0.002757516126543507,0.005404632294813668
309,-87.25690608705423,0.00776110638999151,0.015211489004567034,0.04055551751246181,0.003001905637903207,0.005883626935278022
310,-87.27138409050603,0.008795634434660114,0.01723912671311414,0.044751652931977276,0.0025502938082296984,0.0049984840141257085
311,-87.25312010301066,0.007991804425525759,0.015663648845518303,0.04012593975511908,0.0031071390639666177,0.006089880660332066
312,-87.27380864246948,0.00842698660819861,0.016516590250270625,0.0392893772032194,0.002582038725692262,0.005060702909044529
313,-87.2578379969382,0.007997437031336065,0.015674688550045616,0.04166931732112747,0.0028265728276044098,0.005539980941784186
314,-87.26064340182043,0.007320114356517003,0.01434716050148792,0.040363693253915,0.002815191519196457,0.005517673987207656
315,-87.25830003283097,0.007887903281249116,0.015460006344783584,0.0382302074287614,0.002294131279605167,0.004496414683832916
316,-87.25394451918454,0.007931935802840332,0.01554630850125085,0.041546519467381665,0.0029464421396003444,0.005774920476147813
317,-87.25031216924991,0.007729604490088593,0.015149746415312733,0.039411971837268224,0.0026253133070516135,0.005145519529954907
318,-87.26552707815273,0.008071370702611316,0.01581959588298993,0.04162283164162785,0.0027187489547992843,0.005328650034412513
319,-87.26548187130153,0.008494402319883331,0.016648722617164814,0.04056192765742978,0.0033876980387794035,0.006639766146504606
320,-87.25591431074176,0.007953388686672766,0.015588355380926943,0.04027784804449855,0.0027807218167503825,0.005450114611855537
321,-87.26082001569351,0.008097123482164466,0.015870070403415905,0.04121971678630551,0.002854079098922006,0.005593892242915662
322,-87.26143022256247,0.007489392941116684,0.01467894043065721,0.04079164444658155,0.004297525192909691,0.008422994600756541
323,-87.27121856458267,0.008079041024373176,0.01583462943739301,0.0430648700502002,0.0035281684265211838,0.006915083047372872
324,-87.26126663186547,0.007657643028653335,0.015008704542624759,0.03903716995866373,0.0022593832179654016,0.004428309734486398
325,-87.25391086584851,0.0073623908065283605,0.014430020820904388,0.03857706673843654,0.0023601800412029615,0.004625867877788066
326,-87.2679184756275,0.0077214037227659885,0.015133673206714833,0.04174257887092918,0.002965634568288201,0.005812536945151866
327,-87.25029976078814,0.007792041155200252,0.015272120030246372,0.03568461554388924,0.0019186208059698143,0.003760427679690047
328,-87.26712549854163,0.008091160235585648,0.01585838265489049,0.0419074757685321,0.003612380818662769,0.007080136303022343
329,-87.2553974075702,0.007822966299358825,0.015332732199013883,0.03898251722698058,0.0032112994650112833,0.006294031294994859
330,-87.26062134644292,0.007477554731563065,0.01465573796629068,0.037492067364651153,0.002036380056248831,0.003991231569083358
331,-87.2774067752458,0.007683627366256419,0.015059632908488932,0.03993855454402088,0.0037744523622563215,0.0073977906913845195
332,-87.27230406109094,0.008264472668494362,0.016198068781464584,0.042110532823381064,0.0036042827046670954,0.0070642642912481235
333,-87.2558258855514,0.007660507653478067,0.015014319104110453,0.03841919388798264,0.0024493908401827975,0.004800717830820586
334,-87.27287922902607,0.007615648412450591,0.014926396607322798,0.03643808816638144,0.0019732639459955383,0.0038675262661426453
335,-87.27046858713558,0.007304383171682815,0.014316327945778768,0.03844989999167108,0.002590705822445469,0.0050776901065313395
336,-87.2795336052024,0.00728288369610326,0.01427418974795634,0.03536418638073485,0.0018472573233256585,0.0036205578238961526
337,-87.26480849959856,0.007329750955332353,0.014366047888099465,0.034752956432169954,0.0021650795621724183,0.0042434779655216885
338,-87.27425580233893,0.007204127380877807,0.01411983020655937,0.03541488093538242,0.0024259657937615985,0.004754805583498858
339,-87.2769713648708,0.007703272239627306,0.01509813615277672,0.03880179738456717,0.003792103174045208,0.007432385646788632
340,-87.26390055840656,0.0077127727260279475,0.01511675676395759,0.038786441380347175,0.0031670585553226277,0.006207320705361804
341,-87.27313549052086,0.007931612973035572,0.015545675766460383,0.03779089653173562,0.0020937706732842157,0.004103715111523243
342,-87.26538162164178,0.007446861202736936,0.014595579755233023,0.03620025660651534,0.00190941044858813,0.0037423757109372032
343,-87.26576210996802,0.00787593054031063,0.015436540203747922,0.036001298512993433,0.002408154606981614,0.0047198962988881715
344,-87.26808649921873,0.007421848653650572,0.014546556059862211,0.034958816951537956,0.002118373609911589,0.004151935981226816
345,-87.27810215204624,0.007469411887287345,0.014639778284778549,0.03539370760681361,0.002577263827390705,0.0050513442803436365
346,-87.27884924693619,0.007448210479220257,0.014598224288545519,0.03611339113096684,0.0019153304772814093,0.0037539787539634744
347,-87.2725414447628,0.00714802634878699,0.014009874204165843,0.03534849226974761,0.0018311260782138006,0.0035889411644511233
348,-87.27365128599817,0.00797996838516576,0.01564045063269314,0.03800819659746181,0.002623947413121914,0.005142842427045994
349,-87.28069674625655,0.007792162883665023,0.015272358613653217,0.037122920851846805,0.0020448648319161284,0.004007861423808163
350,-87.27608343670335,0.007405016202583133,0.014513565061998497,0.03543735744189354,0.002254528222474935,0.004418794118179979
351,-87.28829910020295,0.007811046460743334,0.015309369744625993,0.039863596563033975,0.002677199196844451,0.005247214005254682
352,-87.2638908856737,0.007720057283421557,0.01513103423409238,0.03552968091783468,0.0025812269688154747,0.005059111894801824
353,-87.26438656146533,0.00673891268503479,0.0132080261576283,0.03315944155485988,0.001772166998796169,0.0034733834922309284
354,-87.28322860316632,0.006868400967203155,0.013461818527098256,0.03430652353950769,0.0018073665955564435,0.0035423734341513994
355,-87.27160966615564,0.007368535268069457,0.014442063744229329,0.03465917230377524,0.0017439307595168156,0.0034180414801845407
356,-87.27321196247846,0.007570317665741383,0.014837549976380442,0.03709347720677385,0.0024714536986344725,0.004843960238781875
357,-87.28513710235259,0.007679910510931677,0.015052348005916693,0.03750975216745851,0.0020630677396983026,0.004043538467475128
358,-87.27586652262096,0.007064382672610251,0.013845935611324902,0.036558315351394255,0.002105820236538553,0.004127331821531181
359,-87.27719457646732,0.007537822317339424,0.014773860263847522,0.037688229876617706,0.002288072902755425,0.004484540483402651
360,-87.26822106645508,0.0077751091616318204,0.015238933932665781,0.038524345761066225,0.0023939549594814095,0.004692065501194607
361,-87.28251525196032,0.00761580777496592,0.014926708952113328,0.03854588567200536,0.00198051681867734,0.0038817416353834314
362,-87.27684520823371,0.00824824532766499,0.016166263777874158,0.039719273273035614,0.0025191900775830135,0.004937521822273371
363,-87.27417880806308,0.006942636508327656,0.013607317514075122,0.03350802787329046,0.0019513383487470266,0.003824552885196032
364,-87.28654022840948,0.007803626816600309,0.01529482750932756,0.03553038571252575,0.002492329962957826,0.004884876964987386
365,-87.25491574999859,0.00736646461659334,0.014438005341911605,0.03485808169992921,0.002513224863425382,0.004925830217364345
366,-87.26725140193841,0.008229870605868661,0.01613024998492741,0.04051577354622228,0.0027318045879750536,0.005354238605232387
367,-87.28080608347749,0.0072538344016918445,0.014217254177133666,0.03627951505383911,0.0019461964154845366,0.003814474881190643
368,-87.27110425468716,0.007303808087832836,0.014315200802144717,0.03247001959284879,0.0017625566745667189,0.0034545476028614536
369,-87.27235933071566,0.007561453115438384,0.01482017577704742,0.034065361691373267,0.002182528006944873,0.004277676288861936
370,-87.26943447943354,0.007248190662922313,0.014206192652407234,0.034599904050899494,0.0019837424625644353,0.0038880637812290894
371,-87.26754670886096,0.007142417695818906,0.013998881446346614,0.03264924388917838,0.0021472169986116773,0.004208467984271078
372,-87.29432055107435,0.008129826882220399,0.015934167889697537,0.039389798404110256,0.0036773271044074065,0.0072074286840114795
373,-87.28782281772541,0.00730536809346037,0.014318258356990365,0.03561611760896469,0.0021814642563613667,0.00427559137602973
374,-87.29451912029985,0.007511339052177727,0.01472195401793757,0.03637368499241524,0.0023906420589107124,0.004685572335391679
375,-87.2719406572514,0.0076676966489255165,0.015028409276272475,0.036220475860372914,0.0021662864023253943,0.004245843328756618
376,-87.28577320471234,0.008022697821046169,0.01572419878809846,0.03975515075489222,0.005168089642914362,0.010129269568986618
377,-87.28920663658175,0.007593771145394952,0.01488351795181358,0.03565266820678312,0.0036922082379872326,0.007236595169877068
378,-87.291202675964,0.007642321972533441,0.014978675824424647,0.036132380316832156,0.0035840974461401245,0.00702470191151663
379,-87.28839266487549,0.006861279634444295,0.013447860971368967,0.03550992224209087,0.0022133370060043013,0.004338060817418144
380,-87.27734389057031,0.0075860096474851665,0.014868305695444319,0.036454704442443364,0.002842845959324435,0.005571875693871112
381,-87.26736687240191,0.007437950535338896,0.014578115168054651,0.03671611316611664,0.0018590835910050072,0.003643736882619206
382,-87.28581136809206,0.007559149713363457,0.014815661191938648,0.03595234675972521,0.0021836365929960013,0.004279849077595911
383,-87.2930644004962,0.007263830066667737,0.014236845320487945,0.038466288092037934,0.003517530413934682,0.0068942329258362455
384,-87.2735100203631,0.007034308331499585,0.013786990985889227,0.0314811630747104,0.0018594845435153193,0.0036445227350989286
385,-87.27051770941569,0.006892939412767112,0.013509912996640209,0.03112514057746078,0.0014863857399225453,0.0029132625173821083
386,-87.27758945935766,0.0068480772896609065,0.013421984851082045,0.0330930722676694,0.0017604444200318196,0.0034504076600468695
387,-87.27761563022352,0.0067360381339791955,0.013202392141087614,0.03288817094944088,0.0020401120095270534,0.0039985460631006605
388,-87.29269970725768,0.0071244464239855225,0.013963658400796804,0.034775888639448985,0.002054583504597204,0.004026909672240604
389,-87.2827238180956,0.006897946214857943,0.013519726148415958,0.031749623242532846,0.0023798880202883037,0.004664494807003405
390,-87.27509774475632,0.006308094440951108,0.012363637915341499,0.029944655821741387,0.001640804777723325,0.003215918269998966
391,-87.28108426595568,0.007019215040370506,0.013757408678868054,0.03321144884048321,0.00221606520288756,0.004343407985052066
392,-87.28950271974801,0.007586581916626302,0.014869427322350408,0.03772238168122058,0.0025666358749394332,0.0050305138763097395
393,-87.28818053119511,0.0069109888841755816,0.013545289310540795,0.03349532488181099,0.0033455517393823665,0.006557160917604772
394,-87.28093356665548,0.006905471214185946,0.01353447487608253,0.030969442398005958,0.001808316401723961,0.003544235020032028
395,-87.29280139380334,0.006855354888144271,0.013436248682003382,0.031390240395672814,0.0016819549530563032,0.0032965711316091115
396,-87.2970447815085,0.006902026197868861,0.013527722768174892,0.033567711483747154,0.0023271234326849004,0.004561078115641626
397,-87.28961260777447,0.006501942436236963,0.012743573004577066,0.031621878288830736,0.0016585589126217474,0.003250715734976539
398,-87.28574490095795,0.007182766697731115,0.014077964036906683,0.03229767069835733,0.0023875488418228018,0.0046795097413030095
399,-87.27765764887748,0.006864728541580265,0.013454620705141489,0.03106307801734545,0.0019029096947765954,0.003729634467594234
