iter,e,e_std,e_err95,e_var,e_var_std,e_var_err95,exact
0,-1.3949765205828457,0.2417313215663351,0.47378468420528724,28.25905667482392,2.28996816279976,4.488255124830885,-24.17606455145811
1,-1.7633356508949394,0.24649926117912166,0.48312967412681074,28.21594538603199,2.1796261958414282,4.271988843609246,-24.17606455145811
2,-1.5408767638202643,0.23251757838888001,0.45572607941467363,27.13628390454266,1.8053052778619347,3.538333325709467,-24.17606455145811
3,-1.6865496784479626,0.24267413301611157,0.47563256069106113,30.17602209719537,2.357004267229268,4.619643475176586,-24.17606455145811
4,-1.8471872883858405,0.2453202727096001,0.4808188991883605,28.329063598590828,2.195457102574412,4.303016850648507,-24.17606455145811
5,-1.9077670265056925,0.2420861143808856,0.4744800653437798,27.310802429932707,2.1054210362347003,4.126549403313013,-24.17606455145811
6,-2.6806174654752515,0.2069744493833695,0.40566246651141263,23.168914304511816,1.2601491813608572,2.469847010614913,-24.17606455145811
7,-2.678043668744148,0.19797868146705705,0.3880310853821593,20.820409180499333,1.2112743489540927,2.3740540993472234,-24.17606455145811
8,-3.251334555551187,0.1976352744069679,0.3873580199123478,20.057787870479864,1.1275668508716477,2.2099904178696756,-24.17606455145811
9,-3.7230128118419765,0.20549113124313614,0.4027552163789403,20.48826593437885,1.0615912249865602,2.0806805672774153,-24.17606455145811
10,-4.189064124822122,0.18671691334911386,0.36595842546874924,17.74908247868497,0.9894177127124629,1.9392230825824253,-24.17606455145811
11,-4.144297587981166,0.19016361160446937,0.37271382991482305,17.650506480130396,1.043279875165102,2.0447909811190437,-24.17606455145811
12,-4.908485941945895,0.17202669041743884,0.3371661175978018,15.922900490544944,0.8040949385573916,1.575997119723435,-24.17606455145811
13,-5.179950051032917,0.16714002625342958,0.3275884318318011,13.801825467201402,0.7140646072861375,1.399540912915567,-24.17606455145811
14,-5.477112218638992,0.16435215556673347,0.32212430569232176,12.78490838122213,0.5860305264621074,1.1485987257067776,-24.17606455145811
15,-5.892842738573172,0.15595559473190818,0.3056673488620646,12.291017186142437,0.511256415376322,1.0020441610026412,-24.17606455145811
16,-6.277447549723897,0.14430152503423796,0.2828257919813114,11.121903563846214,0.44057113018701,0.863503547794647,-24.17606455145811
17,-6.418598494476555,0.14641423084476748,0.28696661927987777,10.511225606257607,0.404354598526798,0.7925204500956768,-24.17606455145811
18,-6.562036060133957,0.13575056850084463,0.266066225142493,9.286433124562306,0.30697247020373714,0.6016549858446196,-24.17606455145811
19,-6.774885257184778,0.12992369751277102,0.2546457678633074,9.029621236123269,0.2825588677481036,0.5538052042986994,-24.17606455145811
20,-6.999321306436201,0.13140479573032357,0.25754866702727686,7.954434494360376,0.26737376458399614,0.5240429489955235,-24.17606455145811
21,-7.216793807196511,0.11564558015172395,0.22666117206861905,8.08094677752759,0.24773099561360487,0.48554382925691564,-24.17606455145811
22,-7.501029640102168,0.1284973753663809,0.2518502278260309,7.559221290976669,0.30241995948313727,0.5927322287930115,-24.17606455145811
23,-7.456481832089343,0.11964587736750487,0.23450161053900553,7.269378002307983,0.2497538958594457,0.48950864088308094,-24.17606455145811
24,-7.814128846237294,0.11681542378723674,0.22895402346176752,6.23611901109375,0.2768737581667807,0.5426625942711428,-24.17606455145811
25,-7.7454164421958085,0.10726454496937553,0.21023464495805308,6.262915138674551,0.246404548693563,0.4829440410662295,-24.17606455145811
26,-7.81930892365819,0.11576564131673747,0.22689648762798748,6.211631280151332,0.31152002474798096,0.610568028969069,-24.17606455145811
27,-7.90802963778292,0.11475703266601443,0.2249196509980748,7.1323415451107195,1.351483622784519,2.6488592263533732,-24.17606455145811
28,-8.086790702895566,0.1036205962928939,0.2030926367906367,5.141512888588324,0.2941217591353223,0.5764680549747964,-24.17606455145811
29,-8.209697608064102,0.09961872186013068,0.19524910703176912,4.85363898839685,0.3040479103138512,0.5959229537898127,-24.17606455145811
30,-8.325469884245493,0.10161419412315356,0.1991601607994426,5.1098353644951136,0.8106424184317034,1.588829944466587,-24.17606455145811
31,-8.173667772624826,0.09767744228006936,0.1914442689709259,4.817531855531098,0.3032876767688311,0.5944329234217343,-24.17606455145811
32,-8.32260093008836,0.09456999647842301,0.18535378711578884,4.110215248212201,0.2941733958544377,0.5765692610845423,-24.17606455145811
33,-8.441846630405031,0.08774310390278153,0.17197332354120767,3.7161725617661605,0.3151402614535069,0.6176635625274097,-24.17606455145811
34,-8.530743432534248,0.08243042417518326,0.16156066261371899,3.533788998135204,0.30137451677679516,0.5906831987406809,-24.17606455145811
35,-8.375224649220844,0.08294043182955688,0.16256025924813103,3.810157101532239,0.27668077672523644,0.5422843575960314,-24.17606455145811
36,-8.621385197586573,0.08031449738619445,0.15741352231337744,3.14859234740534,0.3042329549929312,0.5962856346963403,-24.17606455145811
37,-8.545978612645014,0.07740799010718288,0.15171687272571124,3.04678176703194,0.26668451287415124,0.5226920404679448,-24.17606455145811
38,-8.539249293552693,0.08187092259714206,0.1604640596714649,3.519959229696556,0.31463115757068894,0.6166657372526971,-24.17606455145811
39,-8.74739740837293,0.07161563634833601,0.14036406797265616,2.6939933316732416,0.3039371407180836,0.5957058493715263,-24.17606455145811
40,-8.827734188170623,0.0715643158628173,0.1402634816693704,2.1996573865449576,0.2927055974491311,0.5736924290735761,-24.17606455145811
41,-8.872570891410927,0.06633000539012929,0.13000442165900106,2.0896118303813225,0.29221291352157047,0.5727267863197955,-24.17606455145811
42,-8.963307664827443,0.06028692493320869,0.11816020160775884,1.65085258490595,0.25782247016711907,0.5053227559327059,-24.17606455145811
43,-8.888139017514284,0.06549110908671646,0.12836021511754814,2.027992784005111,0.2915640027717991,0.5714549446210627,-24.17606455145811
44,-8.801542012733282,0.06525678095348451,0.127900940415849,2.1614227061388425,0.2674476624683868,0.5241877861874629,-24.17606455145811
45,-8.900627483606623,0.06235802282274933,0.12221947887971542,1.7805457970820386,0.2608770192591258,0.5113095621420487,-24.17606455145811
46,-8.846702179593713,0.0663295229109907,0.13000347601726614,2.1597799088265086,0.2837885904479635,0.556215416501396,-24.17606455145811
47,-8.890162657586522,0.054707761021627034,0.10722524127721318,1.6758121865748714,0.2140363858718187,0.4195036076898823,-24.17606455145811
48,-8.909305066532934,0.061623056948153995,0.12077897223564257,1.7288896115904338,0.27376249660985263,0.5365646336730798,-24.17606455145811
49,-9.082213152570302,0.046826817759051585,0.09177887631836171,1.1250212275774216,0.23286918570043677,0.4564152170820258,-24.17606455145811
50,-9.082586944980996,0.046450899641179405,0.09104209034619615,1.1149640650909605,0.21634292252544784,0.42402433646001697,-24.17606455145811
51,-9.058616672767709,0.04687241353506001,0.09186824239718538,1.035194989148929,0.2041311853639043,0.4000897714347222,-24.17606455145811
52,-9.084220820816878,0.039308401342005306,0.07704305092017633,0.8189360507881175,0.15707311450629385,0.3078576473718719,-24.17606455145811
53,-9.057234520859737,0.04643997671943549,0.09102068181297213,1.1673403054337879,0.23107576917957828,0.45290018529186404,-24.17606455145811
54,-9.046003411987048,0.04853000545696068,0.09511706286517521,1.0995141927885526,0.22062767480496157,0.43242229661053977,-24.17606455145811
55,-9.03109288012806,0.04783780594635633,0.09376037675427444,1.25469858092377,0.24343442537442686,0.4771227063310801,-24.17606455145811
56,-9.071563171149517,0.0440434783354309,0.08632363129131469,0.920060963411205,0.19982413129039978,0.3916481005711868,-24.17606455145811
57,-9.164547861524849,0.05374716752062266,0.10534251261146137,1.5120663939737038,0.644495742015244,1.2631884425392963,-24.17606455145811
58,-9.054771897987308,0.048254078126057136,0.094576255234254,1.1725244619753508,0.22925062214263398,0.44932296283296325,-24.17606455145811
59,-9.11401413090585,0.04044247883379841,0.07926580195976833,0.8398428311666445,0.17795936681150934,0.3487939496621109,-24.17606455145811
60,-9.119453456044315,0.04770442707627429,0.09349895897261501,0.9503383387939686,0.23103674776047844,0.45282370471580274,-24.17606455145811
61,-9.235278809545674,0.02065195605670588,0.040477090081447356,0.21539238741239952,0.08783230177984738,0.17214814816775414,-24.17606455145811
62,-9.122475517005217,0.0368868581288179,0.07229691343532162,0.7043958821415086,0.1565848065175345,0.3069005813005404,-24.17606455145811
63,-9.087591186649114,0.04325200609486736,0.08477237420504694,1.0215654189001349,0.2321296434726686,0.4549657409505537,-24.17606455145811
64,-9.18773114770414,0.03159224502433468,0.06191966243846069,0.4382533266519767,0.14109467346340077,0.27654047839870477,-24.17606455145811
65,-9.179546657239971,0.03137926354868374,0.06150222641681066,0.5336112509082428,0.1492418162207908,0.2925085847800956,-24.17606455145811
66,-9.121564731396205,0.04287753571898551,0.08403842575504133,0.7644030926472634,0.22708177742432464,0.445072105297017,-24.17606455145811
67,-9.141532781507273,0.03436567844427692,0.06735549205506723,0.5864587326595148,0.16810689240049934,0.32948345465792883,-24.17606455145811
68,-9.185872683818804,0.02543347511219915,0.04984869522160614,0.35610822317704555,0.12277971121107428,0.2406438120059343,-24.17606455145811
69,-9.15040774635169,0.029088246742577102,0.057011915988865666,0.48597829612717547,0.12732652486690793,0.24955540301578313,-24.17606455145811
70,-9.150890774019189,0.03299809514198296,0.06467507803671271,0.5689040369064426,0.16390097693649022,0.3212400118264509,-24.17606455145811
71,-9.105164343651758,0.03759854015363668,0.07369178457241096,0.7225288248165025,0.18118760943870058,0.3551211889447627,-24.17606455145811
72,-9.20835063917525,0.02209610776540998,0.04330757541871937,0.27041016827718944,0.09419120782693599,0.1846113750011218,-24.17606455145811
73,-9.184950970973093,0.024577659590390776,0.048171327621451376,0.3231420877050404,0.098301242224492,0.19266689439555235,-24.17606455145811
74,-9.192127248213918,0.02560556249908376,0.05018598030209359,0.3186432681064464,0.10008960930719897,0.19617202946879497,-24.17606455145811
75,-9.200364295262169,0.02327620178629452,0.04562051719802413,0.30277347601270066,0.09740342690367014,0.19090720870197322,-24.17606455145811
76,-9.162995637939769,0.029427445116466104,0.05767673258530266,0.425466717539548,0.13925253639298826,0.27292995608611015,-24.17606455145811
77,-9.173574631976066,0.02834638558050607,0.05555789482967741,0.3921082257046748,0.1242678663996522,0.24356054257895343,-24.17606455145811
78,-9.176327342931025,0.032284542101910126,0.0632765397771109,0.34867026467530615,0.1445187016888213,0.28325145040257765,-24.17606455145811
79,-9.167792389987206,0.02753360384588221,0.05396487190252265,0.41341463383176086,0.14293891054418734,0.28015511665599974,-24.17606455145811
80,-9.18181676050214,0.023573965909505883,0.04620412415540655,0.30135258328334336,0.09305501840587711,0.18238448465623097,-24.17606455145811
81,-9.197306313839185,0.022271892313689708,0.043652106802386285,0.3043721514483877,0.11559315879828409,0.2265584281038561,-24.17606455145811
82,-9.227368884300335,0.01601562956401588,0.031390057135206054,0.158049167242496,0.03631908987773242,0.07118410811162879,-24.17606455145811
83,-9.17576543107862,0.022756633747225342,0.04460218255393044,0.32374227119805044,0.09437928910260364,0.18498000752759672,-24.17606455145811
84,-9.22239290744075,0.015093168907469987,0.02958206747122093,0.1443433373276903,0.028210428203846324,0.05529142326799176,-24.17606455145811
85,-9.177889452381946,0.022330650209174505,0.04376727016134385,0.2576366449340666,0.06838245133840111,0.13402714179782899,-24.17606455145811
86,-9.170716415020056,0.02251747281671835,0.04413343574362765,0.25830689494272663,0.055672324998803306,0.1091157519332634,-24.17606455145811
87,-9.1558875676597,0.03287261151830068,0.06442913465364589,0.5270831582889672,0.15519973518869182,0.30418589137998964,-24.17606455145811
88,-9.202544939146055,0.021077267310273713,0.041310684820659895,0.2400484580891703,0.06869631500626175,0.13464230328289148,-24.17606455145811
89,-9.216902311319428,0.01772210887864652,0.034734695132244704,0.18272569049901208,0.04464203832756185,0.08749678731847793,-24.17606455145811
90,-9.215899064663963,0.02229107387382952,0.043689701969427605,0.2678836168541222,0.1121567230072296,0.2198231377182049,-24.17606455145811
91,-9.174984304114227,0.022748610586770936,0.04458645744839762,0.37277018635591047,0.10752985336364392,0.21075463985561527,-24.17606455145811
92,-9.205317001773262,0.021285096450933915,0.041718022451291796,0.28824197952180486,0.09428980331373503,0.1848046186042861,-24.17606455145811
93,-9.212531889758074,0.01617059287337858,0.03169377964048208,0.16721822059037655,0.03666673395827093,0.0718654779889228,-24.17606455145811
94,-9.191209395507716,0.021093313680840886,0.04134213512905414,0.28229176602126427,0.06492500078933412,0.12725066324332945,-24.17606455145811
95,-9.207688920004006,0.021749601703188404,0.04262843601634029,0.26027590098192166,0.09016854664482489,0.17672710396217672,-24.17606455145811
96,-9.232737230565618,0.015602765954995887,0.03058085933099964,0.15342324360403958,0.03821294966590033,0.07489600508820654,-24.17606455145811
97,-9.204983013563027,0.025443435403213515,0.04986821703326984,0.338008795690972,0.1224038380532039,0.23990711415375301,-24.17606455145811
98,-9.251375867042782,0.012286129804913674,0.02408037192701492,0.09734311442182167,0.008915101716449316,0.017473278282751876,-24.17606455145811
99,-9.221951109892476,0.018350538233188707,0.03596639403397514,0.20920163852140294,0.08365228283915666,0.16395546158930507,-24.17606455145811
100,-9.214534737800804,0.023819761690168608,0.0466858750330574,0.28251210569612684,0.09840252655227581,0.19286540803020696,-24.17606455145811
101,-9.257982386011019,0.01114773408684612,0.021849157319447903,0.09335469654520787,0.008250890994101475,0.016171449188804775,-24.17606455145811
102,-9.189516721990065,0.027888000249418843,0.05465947608970498,0.4030552325308303,0.14373121902716934,0.28170801274729007,-24.17606455145811
103,-9.256093904544425,0.011489514181646798,0.022519033995889916,0.09459281023792131,0.008357245057665651,0.016379899323000043,-24.17606455145811
104,-9.23336871850254,0.018684769113991476,0.03662147452286967,0.18443757314821968,0.08424783221355087,0.16512271691413308,-24.17606455145811
105,-9.205062801119878,0.021570257247955558,0.042276927343256956,0.25798475995198134,0.06284752821517216,0.1231788918191023,-24.17606455145811
106,-9.22166007946567,0.017785085385612357,0.034858126817769876,0.18346483292978177,0.04685355575837151,0.09183128183404742,-24.17606455145811
107,-9.226589764523753,0.01757094584105655,0.03443842102277468,0.18383584878033393,0.059107584479910255,0.11584873679378276,-24.17606455145811
108,-9.248243172004083,0.014331030373966587,0.028088303394324093,0.12371310772747465,0.02846963852630603,0.0557994661644338,-24.17606455145811
109,-9.218783187670965,0.026146650419362424,0.05124649313830945,0.27976358015634173,0.10389421604973104,0.2036289216594961,-24.17606455145811
110,-9.228158243320477,0.016495200003885314,0.03232999792540017,0.15875281832823684,0.03923775936315925,0.07690459518584142,-24.17606455145811
111,-9.141042943017915,0.0362095489990179,0.07096941193451345,0.5876715089212932,0.16742950845031557,0.32815580651186316,-24.17606455145811
112,-9.231809384574367,0.02046799937725267,0.04011654161500349,0.23034726182409465,0.0912127770931498,0.17877375803245366,-24.17606455145811
113,-9.237212753062376,0.014238788362718875,0.027907512374417038,0.13067533214668225,0.027446470702000875,0.053794094078655486,-24.17606455145811
114,-9.254741656768545,0.011673908853083963,0.022880440910847857,0.09653692806732034,0.008763661960113158,0.017176461814505484,-24.17606455145811
115,-9.239057547348573,0.017441341574391714,0.03418440132786888,0.18043592263447233,0.08161100273157496,0.15995462609608688,-24.17606455145811
116,-9.247048429231205,0.014308853155191323,0.02804483684424731,0.12385841543745968,0.028540505990280043,0.055938363841498556,-24.17606455145811
117,-9.258477044417745,0.014472416672915047,0.02836541544817049,0.11531506674928395,0.028429438784642453,0.055720676118585374,-24.17606455145811
118,-9.241819258006785,0.018708269955261626,0.036667535325365555,0.20153404533000258,0.08782550522877774,0.17213482717243858,-24.17606455145811
119,-9.217765377590428,0.02058724482367406,0.04035025839530981,0.2118738275786637,0.054962198990649906,0.10772393053279752,-24.17606455145811
120,-9.232055978523315,0.019880004645639087,0.03896409311794157,0.23063106496758884,0.09047872448030754,0.1773350413485253,-24.17606455145811
121,-9.237711397407693,0.015097075548929221,0.02958972434778154,0.12871781091176743,0.02964064436484021,0.058094595433646916,-24.17606455145811
122,-9.244690838097723,0.01856967535123582,0.03639589489302338,0.19895997667454526,0.08786573649319067,0.17221367900174042,-24.17606455145811
123,-9.244901027890672,0.01725035535043403,0.03381007520736853,0.16757219722330197,0.047540801600313265,0.09317825893277816,-24.17606455145811
124,-9.258212188566162,0.015094741254658072,0.02958514921508077,0.11445284694843913,0.030241012235073538,0.05927129483677926,-24.17606455145811
125,-9.258482053095666,0.013164508322901244,0.025801962187064226,0.11372119533446694,0.028016278920023358,0.054910897664074504,-24.17606455145811
126,-9.258293112175535,0.011688063727297146,0.022908183954511392,0.09053394387687927,0.008549682167491236,0.016757069127547167,-24.17606455145811
127,-9.255835072504933,0.0131019826669651,0.02567941415331964,0.11506638651246619,0.028409685776100386,0.05568196093325661,-24.17606455145811
128,-9.239850245595004,0.0165934661039753,0.03252259594247775,0.16949558197282372,0.04703874951419178,0.09219425492561685,-24.17606455145811
129,-9.217906175142051,0.022737924597097333,0.04456551329349819,0.2871910325335799,0.11934333390208926,0.23390863624303299,-24.17606455145811
130,-9.256053806176014,0.013918007234164084,0.027278792915529534,0.11459215420989213,0.02909817317515404,0.05703137143921143,-24.17606455145811
131,-9.276596544751325,0.010819680887138064,0.021206184863006988,0.07746113319008338,0.008196441895027327,0.01606473091562879,-24.17606455145811
132,-9.196599852566298,0.026224179331280798,0.05139844701343004,0.35994450917701243,0.10738419558282924,0.21046915585115047,-24.17606455145811
133,-9.273636216312408,0.011375355624249132,0.022295287334863443,0.07731401646684052,0.008060273595531625,0.015797845952781154,-24.17606455145811
134,-9.258235463909738,0.018300879077754517,0.035869063877821454,0.18205115457449716,0.08702977078730892,0.17057521632590159,-24.17606455145811
135,-9.273585594427425,0.011139557866811478,0.02183313222265033,0.07573048893646796,0.007993065460479017,0.015666120428609934,-24.17606455145811
136,-9.267999121375007,0.011204558867450773,0.02196053184286241,0.07986149862541209,0.007853459346661866,0.01539249747350672,-24.17606455145811
137,-9.222282587887705,0.025399316257422613,0.049781745096491,0.35589499590622004,0.14304609042758262,0.28036518536732175,-24.17606455145811
138,-9.242973112476351,0.021086826821047643,0.041329421117486616,0.2158420366506151,0.09328854214889554,0.18284218278208209,-24.17606455145811
139,-9.233846185571053,0.024725818430847802,0.048461713612738364,0.3216066844383628,0.12381390984667016,0.24267080408456268,-24.17606455145811
140,-9.276185446576662,0.016489165338559736,0.03231817019870329,0.1491967818445747,0.08430103572617098,0.16522699388271953,-24.17606455145811
141,-9.284117062336191,0.01052630654973287,0.020631181727704503,0.06840166582969365,0.007680853014623058,0.015054195279207094,-24.17606455145811
142,-9.284365213885915,0.009948515781340773,0.01949873263105627,0.06798735371423528,0.007354763502310352,0.01441507157933796,-24.17606455145811
143,-9.281470403957954,0.010379841884686044,0.020344116259205004,0.06949028024895014,0.007499545603588289,0.014698839283448749,-24.17606455145811
144,-9.260817818288409,0.016696550525052683,0.032724637695156586,0.1579887330705637,0.08248029336890011,0.16165840443734206,-24.17606455145811
145,-9.25470023128809,0.013117867628616333,0.025710548106051858,0.11055147551323127,0.02885359861009394,0.05655201410015908,-24.17606455145811
146,-9.271507723308844,0.013007879481678107,0.025494975299326636,0.09988619317655177,0.029350422247104904,0.057525770535368774,-24.17606455145811
147,-9.217334767621452,0.026255919360373497,0.051460656327319984,0.37923848149225414,0.1464044162489725,0.28694738302559675,-24.17606455145811
148,-9.24605232883145,0.0198213787566413,0.03884918848694426,0.21333818408112543,0.09247132547158844,0.1812404675269947,-24.17606455145811
149,-9.277499908622632,0.01066100189050302,0.020895179744499347,0.07106749288745255,0.0074430179015541244,0.014588047023332974,-24.17606455145811
150,-9.26896944382321,0.0156175200812178,0.030609776887017947,0.12364467541255833,0.04148708800842777,0.08131319831996199,-24.17606455145811
151,-9.29210181174762,0.010130839886929604,0.019856081311523856,0.06017529842862601,0.007193401131722787,0.014098807144526326,-24.17606455145811
152,-9.287133140330983,0.00969797598529443,0.01900768365411143,0.062080445572421955,0.006742742227641804,0.01321553192321531,-24.17606455145811
153,-9.267828594074185,0.015063246065260985,0.02952341977817621,0.12205575457444198,0.040111799105866944,0.07861768160260516,-24.17606455145811
154,-9.251579172725108,0.021728745579628037,0.04258755876530485,0.2599889626471221,0.12088937830668729,0.2369388275945448,-24.17606455145811
155,-9.276735512913044,0.012596201715697255,0.024688101704768255,0.09037371624884524,0.028975244772975695,0.056790436198264814,-24.17606455145811
156,-9.279384212200373,0.010271713110155112,0.020132187755431925,0.06681292011339068,0.006883460739054746,0.013491335137542766,-24.17606455145811
157,-9.274946443338738,0.01772329287005046,0.03473701571275443,0.16878606111555314,0.08877100650103524,0.17398797561340007,-24.17606455145811
158,-9.259009765319236,0.0228067330758267,0.044700375433638743,0.25409485092748907,0.12022447798204082,0.23563564690492872,-24.17606455145811
159,-9.235677254034293,0.024921207458393997,0.04884466906970321,0.3164791229658719,0.12588410035388858,0.2467283029198475,-24.17606455145811
160,-9.272146837704945,0.012969261895219018,0.02541928622069696,0.09496922734559371,0.029780918881280812,0.05836952843381927,-24.17606455145811
161,-9.283042041600549,0.012758891370568386,0.025006967568972926,0.08714946153311792,0.029939324347715957,0.05867999744298642,-24.17606455145811
162,-9.277073421380958,0.013083914553472216,0.025644001301605008,0.0921242501158307,0.03024918675135079,0.05928731659427371,-24.17606455145811
163,-9.300247545756964,0.009132648349494725,0.01789966184847883,0.051981059251458815,0.006437838457695547,0.01261793151537016,-24.17606455145811
164,-9.2828692808548,0.010149753821511813,0.019893151942110932,0.06302192501403202,0.006654938856176402,0.013043440477421932,-24.17606455145811
165,-9.290406180550185,0.01172453686780964,0.02297966999631895,0.08255034589384563,0.029087014518656966,0.05700950087436131,-24.17606455145811
166,-9.303066179187592,0.009257331650618242,0.018144036628154486,0.0490853280617249,0.006375345796665351,0.012495448150452906,-24.17606455145811
167,-9.285323524242541,0.015392154321982572,0.030168068115568377,0.13697048359700187,0.08483372118989603,0.16627103820670863,-24.17606455145811
168,-9.289085771334179,0.011490769029184555,0.02252149345187001,0.08234215400760383,0.029339808889786913,0.05750496873727046,-24.17606455145811
169,-9.286159281295086,0.013168466672552538,0.02580972040981898,0.08392531515710983,0.030716861238331974,0.06020394174524507,-24.17606455145811
170,-9.278060981261712,0.014486588158289253,0.02839319104911137,0.1134394490965564,0.04093924458594985,0.0802394449427381,-24.17606455145811
171,-9.299747849134722,0.009058704644024956,0.017754734848874645,0.05009262618437627,0.006048562180803391,0.011854964032625693,-24.17606455145811
172,-9.296419439154741,0.009353904906579377,0.01833331673170808,0.052387378389722794,0.006201354457291194,0.012154431391657672,-24.17606455145811
173,-9.290296120265026,0.012254681933703356,0.024018735232052245,0.08049090203209058,0.029923681875939932,0.05864933876167623,-24.17606455145811
174,-9.276161731585756,0.014316095225931677,0.028059031042071896,0.11386541202068584,0.041559809118662465,0.08145572907693775,-24.17606455145811
175,-9.29239668396063,0.009157226236229273,0.017947833621294648,0.0543890682048092,0.006027508311502443,0.01181369920706062,-24.17606455145811
176,-9.297444158656415,0.009401672314321456,0.018426939130517392,0.049699709793597974,0.0059768862141234644,0.011714481719375945,-24.17606455145811
177,-9.299113023945324,0.011622863119416503,0.022780393111295212,0.07368534296708813,0.029483997058059774,0.057787572354082065,-24.17606455145811
178,-9.275019817653263,0.01917783651215287,0.03758786886521687,0.19023828410723037,0.09407619885475642,0.18438596155775086,-24.17606455145811
179,-9.304164355511627,0.008750611939308161,0.017150884243730194,0.04621288229148639,0.005763848869615697,0.011296936196778668,-24.17606455145811
180,-9.306960524060456,0.00832642882419546,0.016319500615259292,0.04346301680194366,0.005474902263510137,0.010730611255356688,-24.17606455145811
181,-9.30243784922639,0.009108409891536044,0.017852155343839028,0.047466096584368775,0.005912009614244489,0.011587325920173737,-24.17606455145811
182,-9.300899160665754,0.008783814105981013,0.01721595929461768,0.04727325740450579,0.005608721589680017,0.010992892315085073,-24.17606455145811
183,-9.313501535043546,0.008337325493821306,0.01634085769527738,0.0389062215388704,0.00544771717275705,0.010677329456564187,-24.17606455145811
184,-9.316622640073987,0.008016775475429295,0.01571259120398539,0.036813012503373724,0.005310610305513894,0.010408604934734486,-24.17606455145811
185,-9.301768763936032,0.008308022644090425,0.016283425165160466,0.0449405022246037,0.005120584791033574,0.010036161770209363,-24.17606455145811
186,-9.301162129409398,0.011514880622539591,0.022568751306455755,0.07018337807964854,0.029927344597177677,0.05865651756338762,-24.17606455145811
187,-9.309155259971007,0.010863757177854453,0.021292572805383228,0.06494219091126228,0.030068396698831948,0.05893297460257367,-24.17606455145811
188,-9.303416065481462,0.011030895069742495,0.02162015705393574,0.06870487327313896,0.03029597842647437,0.059379026592292224,-24.17606455145811
189,-9.30773751144067,0.008288752538935948,0.01624565645307939,0.041296087345278495,0.005139022132574638,0.010072298295600513,-24.17606455145811
190,-9.30287185684023,0.011328722491651224,0.022203888074485263,0.06790925450232618,0.029828826082715948,0.05846342482323224,-24.17606455145811
191,-9.308558827018775,0.00828161137063842,0.016231660020408697,0.03924927759161055,0.004932660162418103,0.009667836266314974,-24.17606455145811
192,-9.319883327309025,0.0074334685713097455,0.014569330679977512,0.03245206992497252,0.0046364479176681135,0.009087270934825233,-24.17606455145811
193,-9.322795703910032,0.007119996595543604,0.013954936897313261,0.03062612757929161,0.004515681279364996,0.008850572673217146,-24.17606455145811
194,-9.317789263278426,0.007416656300638827,0.014536379234964172,0.03321132401839569,0.004515534198398163,0.008850284399819342,-24.17606455145811
195,-9.312453545847521,0.007761806931755869,0.015212862041194845,0.036228582826340526,0.004637474657566335,0.009089283308047235,-24.17606455145811
196,-9.321361654680139,0.007812379271223319,0.015311982005164981,0.03051102195013404,0.004678552711862991,0.009169794815023663,-24.17606455145811
197,-9.313189266718705,0.007748995346590454,0.015187751795685763,0.03622785204784677,0.0047036209854788725,0.009218927728465387,-24.17606455145811
198,-9.321642232399997,0.007833671526596557,0.015353714058846155,0.031120504121475358,0.004819198695303447,0.009445455877137174,-24.17606455145811
199,-9.29550293766188,0.017989937128784356,0.03525962885655724,0.14824560743514578,0.0903490896080696,0.1770809616677985,-24.17606455145811
200,-9.311206449694378,0.01055626151160884,0.020689892374139675,0.06121557855203977,0.02982436289112202,0.05845467712845204,-24.17606455145811
201,-9.303177086897499,0.01318754528688857,0.025847113806792534,0.09093059911278661,0.041810733375800005,0.0819475315837748,-24.17606455145811
202,-9.31031156323425,0.010842048312886973,0.02125002421190172,0.061407071016748735,0.02983078870450976,0.058467271491263385,-24.17606455145811
203,-9.273526348957894,0.02016377353311688,0.03952026991733104,0.2110306291925453,0.09855564207054301,0.19316550893148487,-24.17606455145811
204,-9.290621610505251,0.015014199420934808,0.02942729012173436,0.12331926536946061,0.048990669620214235,0.09601994803412046,-24.17606455145811
205,-9.313454874452365,0.007993710475743479,0.01566738463529776,0.0349434947913768,0.004712492863542857,0.009236316289946029,-24.17606455145811
206,-9.301851965746586,0.010889087774494271,0.021342219862504182,0.06550862006628723,0.029661465220357737,0.058135403560588585,-24.17606455145811
207,-9.270363102066696,0.020547815189637435,0.04027297773267443,0.23485208861281875,0.10651368748908559,0.2087629913391623,-24.17606455145811
208,-9.30379317444753,0.010973566781403573,0.021507795673496123,0.06590006104139362,0.029858829035030243,0.05852222952919813,-24.17606455145811
209,-9.311148148379434,0.007505643589926365,0.014710791117049593,0.035827310476856826,0.004304791867769505,0.00843723702176914,-24.17606455145811
210,-9.30619861195786,0.014905026446749622,0.029213315024246272,0.11647191109341856,0.08534193394089101,0.16726711689514281,-24.17606455145811
211,-9.31444654918225,0.00694438586270485,0.01361074618565062,0.03360515581974639,0.004009330821159723,0.007858144011579457,-24.17606455145811
212,-9.32225320187406,0.0072943669944861445,0.014296696599210523,0.030146822296202677,0.0044224541568735395,0.008667850870751588,-24.17606455145811
213,-9.302785856304686,0.010990917974812041,0.02154180338766551,0.06647346562365955,0.030235834587340766,0.05926114683369839,-24.17606455145811
214,-9.317031062361774,0.007683688316695547,0.015059752369154465,0.032193661735556045,0.004429715599349292,0.008682083036479873,-24.17606455145811
215,-9.28579132750498,0.01948000887217495,0.03818011580798362,0.2024808622706078,0.09790975521439284,0.19189959395534273,-24.17606455145811
216,-9.28877109116404,0.019965390768669357,0.039131446843860405,0.20302222000738238,0.11989347352608017,0.23498689009252358,-24.17606455145811
217,-9.306970956121852,0.013254326273434572,0.02597800213527475,0.08831132916943042,0.042875210933546244,0.08403386925930859,-24.17606455145811
218,-9.307994650779086,0.010597127141732143,0.020769987537386885,0.06136127383926057,0.029614830459360725,0.0580440011086068,-24.17606455145811
219,-9.321657354866971,0.007094210219851658,0.013904396529665228,0.028268700251534724,0.0039717701481852535,0.00778452644531441,-24.17606455145811
220,-9.318117667055187,0.007090290701071145,0.013896714414018694,0.030846841268195126,0.003963442608992539,0.007768204768416844,-24.17606455145811
221,-9.322537641911994,0.00713744705788193,0.013989139175009954,0.028057078957140245,0.0040599346598582525,0.00795732571290805,-24.17606455145811
222,-9.324017918857894,0.010371545603772712,0.020327855847409246,0.052911991996136554,0.03054494385153546,0.059866989858807666,-24.17606455145811
223,-9.321500783251626,0.010432088321975971,0.02044651739461379,0.05417955138933158,0.03041855488149152,0.05961927202947843,-24.17606455145811
224,-9.3293836017138,0.0064285734067158215,0.012599772349134971,0.023943895872825697,0.0036176436623748033,0.007090451287154193,-24.17606455145811
225,-9.318503532794121,0.009907341809445934,0.01941803312904192,0.05507101487352353,0.029912482796586072,0.058627388969482656,-24.17606455145811
226,-9.324842826362854,0.006699523448337862,0.0131308246723238,0.026118679142690143,0.0036871488072286454,0.007226678867807964,-24.17606455145811
227,-9.324797587613425,0.006856992313435706,0.01343945797660197,0.025378608130151525,0.003639498078040532,0.00713328515476219,-24.17606455145811
228,-9.31564285153585,0.013648966074925344,0.0267514819330627,0.0792781931991587,0.05549365225719818,0.1087655597946983,-24.17606455145811
229,-9.32459710075032,0.006358206513845962,0.012461855773406059,0.025583200768913714,0.0034187523626756622,0.006700631502905515,-24.17606455145811
230,-9.305608510680626,0.01465344410104475,0.02872022268751862,0.1140133738282546,0.0853261748536375,0.1672362296516967,-24.17606455145811
231,-9.326997644302166,0.006343970275342372,0.0124339532586637,0.024333456003346056,0.00343414987668788,0.006730810075820912,-24.17606455145811
232,-9.323491028905863,0.015322021204999392,0.03003060973215781,0.10470563137304174,0.0866190713971026,0.16977026031262465,-24.17606455145811
233,-9.323198616709222,0.0061562149164306815,0.012065959517292394,0.02570542156749005,0.0032472456569007098,0.006364484536479501,-24.17606455145811
234,-9.315799823707803,0.0146768896353125,0.02876617509028171,0.10843764787238792,0.08555722106505796,0.16768907190484525,-24.17606455145811
235,-9.314647559835034,0.009504274722051568,0.018628036154395507,0.05592271062856995,0.029973033455600765,0.058746066080391623,-24.17606455145811
236,-9.325217275687898,0.010064952834898746,0.01972694506249586,0.04950405788090688,0.029853638644478583,0.058512056550651184,-24.17606455145811
237,-9.309069648053597,0.01571660259054754,0.030803975036802093,0.11128547328615938,0.0864491406337616,0.1694372021366109,-24.17606455145811
238,-9.32031166917494,0.010021021639756687,0.019640841502219623,0.052043473270879784,0.029706376069616614,0.05822342720765109,-24.17606455145811
239,-9.335043398429697,0.00916419084472693,0.017961484003116476,0.044860013266660004,0.030584105514073402,0.059943745306956744,-24.17606455145811
240,-9.313097679845976,0.01597730469069708,0.03131494176378915,0.135326929807632,0.09062375391165382,0.17761929381066233,-24.17606455145811
241,-9.320305563065311,0.009726191214593722,0.01906298448735358,0.05125993280474326,0.029542812444454582,0.0579028483931527,-24.17606455145811
242,-9.343738884027541,0.0053624818209294664,0.010510271236772522,0.014015658481163616,0.0028387475733160205,0.005563843004899877,-24.17606455145811
243,-9.328453878821929,0.005660933298901862,0.011095225384731167,0.02140899427352529,0.002818225430762365,0.0055236203446091155,-24.17606455145811
244,-9.329118584115916,0.005495018724387795,0.010770038794173308,0.02072606611519205,0.0027133784112563474,0.005318123962490952,-24.17606455145811
245,-9.322105696723288,0.009762910863956184,0.019134953677628946,0.05117499860914979,0.03090527448738009,0.06057322492758956,-24.17606455145811
246,-9.329841086743418,0.005973278904467105,0.011707411522368396,0.02059118239176172,0.0029450645367614064,0.005772220424198495,-24.17606455145811
247,-9.331778242547385,0.009540895209363609,0.01869981099062341,0.04642326798242675,0.0306653268192375,0.06010293613985571,-24.17606455145811
248,-9.332597243636057,0.005725599981972469,0.011221969754549222,0.01894524019842156,0.002794737887290871,0.005477585605319668,-24.17606455145811
249,-9.32954325233642,0.009558627074711184,0.018734564808083373,0.0466463905065377,0.030152236540891646,0.05909729767348021,-24.17606455145811
250,-9.322057143384498,0.009660374521029634,0.01893398613838646,0.05071106884832258,0.030956589845360847,0.06067380118108562,-24.17606455145811
251,-9.331380401625172,0.009318027792511323,0.018262998880265457,0.045369256260136895,0.03025347605310929,0.05929572347123919,-24.17606455145811
252,-9.324536159897086,0.006044468724751813,0.011846941006192303,0.022400170242176186,0.002882002118890477,0.005648620356393458,-24.17606455145811
253,-9.30901355095283,0.016356183572791897,0.03205753072719778,0.1356803113725541,0.09117065477951802,0.17869119981478987,-24.17606455145811
254,-9.338580953155017,0.005094129450082033,0.009984310254745615,0.015241526391403162,0.0023396479589319888,0.004585625736009346,-24.17606455145811
255,-9.331881556969865,0.005625937755088674,0.011026635379237924,0.0179916029057047,0.0024368122629208747,0.004776064272410463,-24.17606455145811
256,-9.331956391438132,0.005799551849481265,0.011366912751455939,0.017849184486572047,0.00260653136489302,0.005108707599764349,-24.17606455145811
257,-9.340681918493955,0.005159782343572602,0.010112987561467975,0.01371108003333501,0.0023506734432531566,0.004607235288190945,-24.17606455145811
258,-9.341829659452548,0.0046217506296509225,0.009058464779641126,0.013098785688254207,0.0021456433224540093,0.00420538363567872,-24.17606455145811
259,-9.335533634966543,0.0057707257161846645,0.011310414568381052,0.01599381794757579,0.0025591209074560025,0.005015784810697225,-24.17606455145811
260,-9.334717556241236,0.013981727017627892,0.027403681396221288,0.09713938562097178,0.08669280843709432,0.169914782255335,-24.17606455145811
261,-9.343632948548144,0.004412692201245061,0.008648717789301092,0.01189258906584802,0.001992727574065738,0.00390567427616872,-24.17606455145811
262,-9.33520062273519,0.005085557631620403,0.009967509799278806,0.015891732874988882,0.002292614002312423,0.0044934408749845774,-24.17606455145811
263,-9.338278081914932,0.005367734463170721,0.010520566226389055,0.014464168207705866,0.0023598597076124597,0.004625240035487643,-24.17606455145811
264,-9.332497495683022,0.013919143800056231,0.027281020543744202,0.09819836340280938,0.08668605923201851,0.16990155405646215,-24.17606455145811
265,-9.334244246953244,0.004928446911776452,0.009659578446799499,0.015778458071777773,0.002107809364690053,0.004131230441068756,-24.17606455145811
266,-9.336582908832835,0.005339423156631456,0.010465077085216823,0.014601957589428598,0.0022526161792031777,0.004415046582230453,-24.17606455145811
267,-9.324693693648594,0.014125909517730195,0.027686273903622747,0.1003580972347115,0.08643517293409077,0.16940982594830917,-24.17606455145811
268,-9.337305314426557,0.004850411484786898,0.009506631820381767,0.013914738597642274,0.0019936024488706044,0.0039073889992772394,-24.17606455145811
269,-9.33901988538826,0.004820578324737945,0.0094481599011408,0.01329474162199028,0.001997336885694756,0.003914708360955117,-24.17606455145811
270,-9.344973734357787,0.004338575699029883,0.008503452114299261,0.011084454648659486,0.0019153167494655354,0.0037539518479387753,-24.17606455145811
271,-9.327453431230854,0.013774304261914127,0.02699714026544826,0.09969167938404026,0.08623379355048429,0.16901512960921158,-24.17606455145811
272,-9.339256585031302,0.004963664208383643,0.009728603079782459,0.013710583343518233,0.0021899218159241365,0.004292167888169861,-24.17606455145811
273,-9.336381045550128,0.005030329784591979,0.009859265208159407,0.014367400897241422,0.0021156962430868096,0.0041466884386768465,-24.17606455145811
274,-9.339949296938599,0.004824989135472884,0.009456804931323904,0.013517859705082744,0.0021759553579400953,0.004264794133529549,-24.17606455145811
275,-9.336609982182729,0.004940028434743276,0.009682277814700598,0.013772581108223755,0.0019971455582077,0.003914333365971234,-24.17606455145811
276,-9.340290807426552,0.004993149148110716,0.009786392499733856,0.012763633909386531,0.002124551112039833,0.004164043662912594,-24.17606455145811
277,-9.338349206452767,0.004675525088278024,0.009163860781838383,0.013139494761984453,0.0019455452649846773,0.0038131986496624036,-24.17606455145811
278,-9.327119011711364,0.013772692282448849,0.026993980843752496,0.098896940799077,0.08643388647310991,0.16940730453111918,-24.17606455145811
279,-9.343209122502643,0.004170390813548163,0.008173815796011097,0.01072566703921159,0.0017111726022352482,0.00335383667171277,-24.17606455145811
280,-9.348592219448111,0.003888374990496151,0.00762107493975873,0.008436944963252976,0.0015678752496469444,0.003072979021559757,-24.17606455145811
281,-9.343745022555614,0.004195872133639739,0.008223758265669122,0.010594307552408741,0.0017275898076162042,0.003386013802986241,-24.17606455145811
282,-9.332044132485132,0.00918680785093599,0.018005812520724356,0.042415629458920315,0.0311099156209096,0.06097431417906285,-24.17606455145811
283,-9.341573524580413,0.004505698050938423,0.008831005905051627,0.011229583675401543,0.0017753298931986405,0.003479582651346676,-24.17606455145811
284,-9.350048058842848,0.0039051487108116806,0.0076539508274639165,0.00766499914098057,0.001550522840993938,0.0030389689255548437,-24.17606455145811
285,-9.335075022699913,0.011455919416822467,0.022453189466765135,0.06858212426969884,0.042815272855644945,0.08391639278531948,-24.17606455145811
286,-9.335537679643366,0.008663942639641877,0.016981015537818965,0.039868451292713936,0.029532294983302204,0.057882234548085235,-24.17606455145811
287,-9.338127789254436,0.008686610532861521,0.01702544379213487,0.040332474487361464,0.031125039929259204,0.06100395727871915,-24.17606455145811
288,-9.346762165164083,0.003647650959284853,0.007149264508371291,0.008514709371581101,0.0013635380247016696,0.002672485419966159,-24.17606455145811
289,-9.341511285663097,0.004025935394593857,0.00789068837748901,0.010235147928586121,0.001456066140116168,0.0028538371937359415,-24.17606455145811
290,-9.346010044522568,0.003948190644179209,0.007738311466689245,0.008786162596624745,0.0014526742160772077,0.0028471891447812833,-24.17606455145811
291,-9.346192303538698,0.003971440306852488,0.007783879968181578,0.008688006890639014,0.0014753288189699083,0.0028915913505350335,-24.17606455145811
292,-9.347040856761993,0.004104359418944909,0.008044396640739766,0.008739650905633821,0.001596782439338667,0.0031296360722498006,-24.17606455145811
293,-9.34829833218315,0.0034707008937066466,0.006802448752776006,0.007751600423704535,0.0013089502170135685,0.002565495282902482,-24.17606455145811
294,-9.349605077472873,0.0037641393629334313,0.0073775775841390685,0.007679555162163795,0.0014725728354511888,0.0028861897220963575,-24.17606455145811
295,-9.34012190081518,0.004120955013649771,0.008076923408663318,0.010689990534559712,0.0014746022824290127,0.002890167365081426,-24.17606455145811
296,-9.334289871834123,0.008712863034437085,0.017076897749727055,0.04091959054646844,0.030649651985606888,0.06007221403047606,-24.17606455145811
297,-9.334398460969329,0.011284788900054956,0.022117779817245085,0.06921053093543005,0.04287004964779622,0.08402375332512461,-24.17606455145811
298,-9.346472011683716,0.003810416674958852,0.007468279449010216,0.00842204243529201,0.0013690863551529039,0.002683359947824905,-24.17606455145811
299,-9.348927600588132,0.0036313830825068323,0.007117380055781435,0.007561729576414871,0.0013491888168618246,0.002644361489393383,-24.17606455145811
300,-9.349675064576422,0.0035624644424268282,0.006982302003361148,0.0070142452627303415,0.001258566673228474,0.0024667453516702,-24.17606455145811
301,-9.3416253565857,0.008685021791127975,0.017022329915556383,0.03794152893342077,0.03083613834279801,0.06043772057417873,-24.17606455145811
302,-9.351088777682317,0.0033802422842782076,0.00662515313620469,0.006254195004862677,0.0011435652146438244,0.0022413466346747125,-24.17606455145811
303,-9.330458868021724,0.015622925427296125,0.030620371170655438,0.1231984418668806,0.09148646452958582,0.17931017555088935,-24.17606455145811
304,-9.346472126778785,0.003932555043733634,0.007707666252939259,0.007857370010621655,0.001301619408298508,0.0025511271618434113,-24.17606455145811
305,-9.344537317647465,0.003685712664583134,0.007223864079946099,0.008438189769144464,0.001264415691599262,0.002478209217021858,-24.17606455145811
306,-9.34533860627354,0.008337176651411694,0.016340565969515167,0.03527764182240229,0.029921850431757598,0.05864574919703916,-24.17606455145811
307,-9.35052381077,0.0031460906642523725,0.0061662243940323455,0.006082542107993338,0.000993362634922557,0.001946954988036022,-24.17606455145811
308,-9.340479746247947,0.008547148365402102,0.016752102966708513,0.03771812574671277,0.030930181230449737,0.06062204124697826,-24.17606455145811
309,-9.351139039448723,0.0030884025919129636,0.006053157849909563,0.005998771262040105,0.001034764260190814,0.0020281006824632293,-24.17606455145811
310,-9.351167775167887,0.003297228902554174,0.006462449897790708,0.005978037671157978,0.0010930546991844096,0.0021423478435337057,-24.17606455145811
311,-9.350452464041922,0.0033685312412998288,0.006602199913745666,0.0061394737939966925,0.001068612788453042,0.0020944425787868823,-24.17606455145811
312,-9.351491656661246,0.0030521742410791982,0.005982151587056101,0.0057111261995686745,0.0009728025903759169,0.0019066580412040682,-24.17606455145811
313,-9.337546631831234,0.01102688530277384,0.021612298055090774,0.06201460651957799,0.05513379580435552,0.10806025410752236,-24.17606455145811
314,-9.350071160107618,0.0035049985102995774,0.006869670846053714,0.00617820418347255,0.0010985615855575257,0.002153141142491968,-24.17606455145811
315,-9.345242289768642,0.008422935501789536,0.0165086502276113,0.03604854600828117,0.03089179260702997,0.06054680092765944,-24.17606455145811
316,-9.338003707189063,0.013426675419736994,0.02631580025479372,0.09210610809602528,0.0862232258684253,0.16899441733297593,-24.17606455145811
317,-9.332421174432774,0.011504627993266958,0.022548656522334554,0.06884861160620658,0.043298695583426576,0.08486388392107959,-24.17606455145811
318,-9.35293220151903,0.0029963412619345344,0.005872720958782984,0.00505885984440302,0.0009287115581447321,0.001820241205989751,-24.17606455145811
319,-9.34849039863282,0.0035851202146245506,0.007026706500910628,0.006341185464360741,0.001081776346699349,0.002120242678858039,-24.17606455145811
320,-9.348094696248783,0.003183374365822651,0.00623929910632043,0.0062769853253148425,0.000898991348232256,0.0017619906649483277,-24.17606455145811
321,-9.351461202462248,0.002986225364282716,0.0058528941637141264,0.005334834691335574,0.0008851695189591043,0.001734900377372489,-24.17606455145811
322,-9.348499719907561,0.0032580412639317065,0.006385643537451502,0.006131345023567958,0.0009486809792255533,0.0018593805521002758,-24.17606455145811
323,-9.352687534884215,0.0029152429465681843,0.005713771181458066,0.004780260487239683,0.0008269032432896209,0.0016207005755470192,-24.17606455145811
324,-9.344833792987211,0.00847131572659633,0.016603473725796566,0.03590033373003372,0.030921641230644083,0.0606053031549312,-24.17606455145811
325,-9.344958931335041,0.008461363502947877,0.01658396772587951,0.03578690197420068,0.03087428095760457,0.060512478725475764,-24.17606455145811
326,-9.354094648791879,0.0027484692780517395,0.005386900797596213,0.004371381390899819,0.0007995180655026469,0.0015670266133743236,-24.17606455145811
327,-9.350057459610081,0.008289465665667456,0.01624705415578956,0.034182946634170104,0.03096542302022097,0.0606911138856806,-24.17606455145811
328,-9.35498828729531,0.002431995794918145,0.0047666241685924236,0.003817309214494982,0.0006381250129693499,0.0012507020430540807,-24.17606455145811
329,-9.35275574131979,0.0028552141415136853,0.005596116885516272,0.0046048385419347445,0.0007934270512170565,0.0015550884447452476,-24.17606455145811
330,-9.34764443666133,0.008355413610199883,0.01637630975192756,0.03493089772543234,0.031040605810267657,0.06083846944642935,-24.17606455145811
331,-9.3463742600361,0.008509843949427746,0.016678987654934474,0.035668210088341756,0.03140321018476414,0.06154916096107914,-24.17606455145811
332,-9.354948942355957,0.0027048069086356317,0.005301324126060959,0.0040587363035576186,0.0007696738954618592,0.0015085331149458905,-24.17606455145811
333,-9.346314436818421,0.008425336772313607,0.016513356631355617,0.03572255250887907,0.03135957090320837,0.06146362954091862,-24.17606455145811
334,-9.35357015839568,0.002621786466270043,0.005138607049043822,0.004325862456225893,0.0007269880606189948,0.0014248704160038513,-24.17606455145811
335,-9.357599322495957,0.0023837645277036993,0.004672092621923383,0.0030657251364709023,0.000619410683788491,0.0012140226318647703,-24.17606455145811
336,-9.354191686027033,0.0025518270666158916,0.005001489145341641,0.003931285693108915,0.0006487145959765921,0.0012714572443595726,-24.17606455145811
337,-9.35400851202398,0.002624389401095997,0.0051437087075567964,0.004261918281598309,0.0007431890174732436,0.0014566237079532663,-24.17606455145811
338,-9.332604437654583,0.01335579595944449,0.026176879065376777,0.09095922726267443,0.06303124950335677,0.12353897892713744,-24.17606455145811
339,-9.356240415024388,0.0024313602154484326,0.004765378455722474,0.003541213097276349,0.000675807886053808,0.0013245591171336124,-24.17606455145811
340,-9.355270365812927,0.002638209924533633,0.0051707964357420545,0.0037124080291551084,0.000696033312970972,0.001364200225463201,-24.17606455145811
341,-9.352469799195234,0.002750867755733321,0.005391601727469836,0.004281651358240483,0.0006885854977119758,0.0013496027757920605,-24.17606455145811
342,-9.343861445218563,0.013528327023678666,0.02651503373749013,0.0904274006581829,0.08707787084751961,0.17066949071156876,-24.17606455145811
343,-9.342355998282862,0.013472540899878663,0.02640569494400503,0.09049150954387176,0.08693221374077664,0.17038400802826023,-24.17606455145811
344,-9.356905270351051,0.002295855289764376,0.004499793681653947,0.0032179004041715223,0.0006194843012968724,0.0012141669195298295,-24.17606455145811
345,-9.354814845357822,0.002519944345229921,0.004939000159696014,0.0035417857814488457,0.0006194185842848912,0.0012140381165531748,-24.17606455145811
346,-9.356079241040504,0.0022214264570599796,0.004353915850141973,0.00316507367731833,0.0005354943896604325,0.0010495497176577055,-24.17606455145811
347,-9.353649733478594,0.002638918522270924,0.0051721852617866715,0.003854662817826755,0.0006442038413149267,0.0012626163276796124,-24.17606455145811
348,-9.356979234103143,0.0024397619535917246,0.004781845559890863,0.0030069380736063543,0.0005950458555545373,0.0011662684460367163,-24.17606455145811
349,-9.354287806546367,0.0025541487004123375,0.005006039463967966,0.0035564803355390365,0.0006034653618650118,0.001182770375172854,-24.17606455145811
350,-9.350491542736025,0.008230646552485824,0.016131770812350975,0.03356669346039997,0.03081073902062292,0.06038793881748382,-24.17606455145811
351,-9.343099952827181,0.008333111516262424,0.01633259845103031,0.0349597066065689,0.030693547507365655,0.06015824767220583,-24.17606455145811
352,-9.332653948377622,0.01589364609030183,0.031150973920017425,0.12209771677615974,0.09222850750591202,0.18076455305946962,-24.17606455145811
353,-9.354820825042339,0.002420947885022826,0.0047449706630931544,0.0032934607829290252,0.0005538488418765285,0.001085523782957215,-24.17606455145811
354,-9.359845216221363,0.0019703186499545494,0.0038617535919784987,0.002107816915461708,0.00044405543545434115,0.0008703326606297593,-24.17606455145811
355,-9.353793954054161,0.002415295579571094,0.00473389234797814,0.003534964627904833,0.0005573312342793054,0.0010923491466466938,-24.17606455145811
356,-9.359049005618976,0.002090981358295159,0.004098248154603155,0.0022700584896854863,0.00047468525738436065,0.0009303660084654726,-24.17606455145811
357,-9.341590091716059,0.013303264205417317,0.0260739187194388,0.09055604381732395,0.08709625514666955,0.17070552327578364,-24.17606455145811
358,-9.357430445239197,0.0020984036718405714,0.0041127956218341265,0.0025588326915561618,0.00046415735160488955,0.0009097316923050782,-24.17606455145811
359,-9.355429825894147,0.002403288495142006,0.004710358894937796,0.003044771308458185,0.0005320762053343665,0.001042850199486097,-24.17606455145811
360,-9.359078370942878,0.001997277280188282,0.003914591536309147,0.002233349672012135,0.0004467664189289167,0.0008756460906026106,-24.17606455145811
361,-9.359669594606117,0.0019116844672897187,0.003746832705692488,0.0020866052686888707,0.0004293712049206553,0.0008415520976430517,-24.17606455145811
362,-9.3515879303921,0.008150924216780642,0.015975517905605408,0.032980954607964366,0.030760383626240072,0.06028924405806613,-24.17606455145811
363,-9.350718432038216,0.00800368805770443,0.01568694033659402,0.03372835670262963,0.03142167567419551,0.061585352655321515,-24.17606455145811
364,-9.33474829359892,0.015678713408905774,0.030729713605380536,0.12113675200755525,0.09219490397614644,0.18069869135137565,-24.17606455145811
365,-9.358096647830534,0.0019149961420488585,0.003753323468948912,0.002266529515291274,0.0003921432050231375,0.0007685865586274558,-24.17606455145811
366,-9.36038304262135,0.001878371372663781,0.003681540240012075,0.0018496968230490224,0.00039398295082851366,0.0007721923941467018,-24.17606455145811
367,-9.352065138157503,0.008145000658040295,0.01596390794381402,0.03298015058271527,0.030929413820712796,0.06062053715153247,-24.17606455145811
368,-9.358012325309911,0.0021865669979032223,0.004285592565674183,0.0025924683240839785,0.0005320893219547042,0.0010428759075895577,-24.17606455145811
369,-9.343708579406108,0.013281458758876088,0.02603118082955118,0.08992657184591552,0.08662628417631714,0.1697843971001136,-24.17606455145811
370,-9.360160235479997,0.002004683714984277,0.003929107881763141,0.0021830941493542724,0.000528396411269586,0.001035637935648603,-24.17606455145811
371,-9.357422176883729,0.0020030082923639552,0.0039258241137684275,0.0025969818271099235,0.0004561210782421919,0.0008939808859442722,-24.17606455145811
372,-9.361303778498385,0.0017044230693752471,0.0033406078303946985,0.0016603377523524698,0.00036140328885927764,0.0007083374300585099,-24.17606455145811
373,-9.36074129493991,0.001723352693553766,0.0033777092120254736,0.0017649884420606733,0.0003719627218103229,0.0007290335383397242,-24.17606455145811
374,-9.34873455435938,0.008186741432117738,0.01604571835769263,0.03380250186403102,0.03113126287897697,0.06101615403604358,-24.17606455145811
375,-9.360392656259524,0.0017987399795698579,0.003525465577509234,0.0018086228748672808,0.000385084870607347,0.000754752477381667,-24.17606455145811
376,-9.360660617398967,0.001636683033781034,0.0032078398003185793,0.0017139410913044849,0.00034451225042547907,0.0006752316030667829,-24.17606455145811
377,-9.35868469881119,0.0019703618082550466,0.003861838180693107,0.002228486838915599,0.00042513394537100745,0.0008332472215325934,-24.17606455145811
378,-9.351213410052353,0.008168612400515286,0.016010186108677237,0.033321445716204524,0.03120506671650717,0.06116080689952361,-24.17606455145811
379,-9.359154709544395,0.0019982574246799186,0.0039165125842124,0.0019527631486833219,0.00039627530195897277,0.0007766853198023214,-24.17606455145811
380,-9.34960524540984,0.008014907032355422,0.015708929122853432,0.03265067015724607,0.030195105902472423,0.05918132007821875,-24.17606455145811
381,-9.358011020855702,0.0019350151461532245,0.003792559995999829,0.002258889277285206,0.00040248997156717227,0.000788865848410208,-24.17606455145811
382,-9.359254644325103,0.001836009662300435,0.0035985128133763995,0.0019888481017881735,0.0003735968372182225,0.0007322363456857894,-24.17606455145811
383,-9.356857436272222,0.0019517572339498791,0.0038253738851072795,0.0025242371901505528,0.0004045943128303517,0.0007929902814972213,-24.17606455145811
384,-9.360872414877662,0.0016103771795559876,0.0031562812734549275,0.0015970310642483836,0.00031496891706300485,0.0006173277336930729,-24.17606455145811
385,-9.343392974055693,0.013405846699286893,0.026274976712867472,0.08971432704425036,0.08695980543866692,0.1704380867623975,-24.17606455145811
386,-9.357369937344618,0.0020670520292507483,0.004051347531501901,0.002396450439426207,0.00041798743574062884,0.0008192403200418827,-24.17606455145811
387,-9.359017522113543,0.00203331539844528,0.003985224950163459,0.0020601625110353854,0.000417324013520894,0.0008179400363846588,-24.17606455145811
388,-9.35805774302803,0.002012548773651421,0.0039445231134870385,0.0022039671523594474,0.00040445283303936733,0.0007927129862023517,-24.17606455145811
389,-9.357027479778177,0.002152068968104956,0.0042179776697319924,0.0024216322511461065,0.00043050080260391763,0.0008437660684192657,-24.17606455145811
390,-9.358607396936293,0.0018207138775274123,0.003568533626105999,0.0021405910528121933,0.0003606351759128487,0.0007068319563474502,-24.17606455145811
391,-9.3517818536921,0.008153690925686517,0.01598094055541663,0.03301243407987207,0.031176998494579798,0.06110579419543589,-24.17606455145811
392,-9.35853963975229,0.001958641407477492,0.003838866617284725,0.0020036320103605934,0.0003683149825778392,0.0007218841008190623,-24.17606455145811
393,-9.352374909194268,0.008432469523081236,0.016527336565970868,0.03279349426177972,0.031097100949826536,0.060949197885266315,-24.17606455145811
394,-9.356982348212513,0.0021439837228962224,0.004202130880316699,0.0023436327512402614,0.00040405355261127616,0.0007919304109435612,-24.17606455145811
395,-9.357624450830407,0.0018094572135567424,0.0035464709701374165,0.002183389982905566,0.000336430310264279,0.0006593912914256228,-24.17606455145811
396,-9.351416878899146,0.008163678771716762,0.01600051637391904,0.032792329266896056,0.030890598980542867,0.06054446146273373,-24.17606455145811
397,-9.358889816059284,0.0020074862164661603,0.003934600683734253,0.0020786286042301255,0.00042425179301557085,0.0008315182346870605,-24.17606455145811
398,-9.356540786940924,0.001973138275413239,0.003867279956327422,0.002441990073628371,0.0004188572265177374,0.0008209450786391007,-24.17606455145811
399,-9.358223452116555,0.0019129544989780266,0.0037493219220607957,0.0021202916362547466,0.0004087003837885458,0.0008010380326932475,-24.17606455145811
